company_id,group_id,country,currency,erp,created_at
COMP_0218,GROUP_0113,,EUR,,2025-03-07 12:27:13
COMP_0600,GROUP_0113,ES,EUR,,2025-03-07 11:08:05
COMP_0721,GROUP_0113,,EUR,,2025-03-07 11:08:29
COMP_0995,GROUP_0113,,EUR,,2025-03-07 11:07:23
COMP_0148,GROUP_0016,,EUR,,2025-04-21 15:06:56
COMP_0203,GROUP_0016,ES,EUR,businessOne,2023-09-12 10:17:33
COMP_0266,GROUP_0016,ES,EUR,businessOne,2023-09-12 10:19:20
COMP_0368,GROUP_0016,ES,EUR,businessOne,2023-09-12 10:18:51
COMP_0412,GROUP_0016,ES,EUR,businessOne,2023-09-12 10:18:34
COMP_0765,GROUP_0016,,NAD,businessOne,2024-12-19 07:54:04
COMP_0810,GROUP_0016,ES,EUR,businessOne,2023-09-12 10:17:59
COMP_0814,GROUP_0016,ES,EUR,businessOne,2023-09-12 10:18:08
COMP_0828,GROUP_0016,,EUR,businessOne,2023-09-12 10:19:54
COMP_0830,GROUP_0016,,EUR,businessOne,2023-09-12 10:19:36
COMP_0895,GROUP_0016,ES,EUR,businessOne,2024-01-25 13:06:13
COMP_0942,GROUP_0016,ES,EUR,businessOne,2023-09-12 10:19:12
COMP_1029,GROUP_0016,ES,EUR,businessOne,2024-05-20 13:20:31
COMP_1151,GROUP_0016,ES,EUR,,2023-09-12 10:19:28
COMP_1199,GROUP_0016,,EUR,businessOne,2024-07-23 08:49:49
COMP_0076,GROUP_0146,ES,EUR,,2024-09-23 13:53:22
COMP_0143,GROUP_0146,ES,EUR,sage200,2024-09-23 13:51:45
COMP_0157,GROUP_0146,,EUR,,2025-05-23 09:27:33
COMP_0491,GROUP_0146,ES,EUR,sage200,2024-09-23 13:49:02
COMP_0710,GROUP_0146,ES,EUR,,2024-09-23 13:52:53
COMP_1039,GROUP_0146,ES,EUR,,2024-09-23 13:52:18
COMP_1036,GROUP_0121,,EUR,,2026-07-12 21:14:46
COMP_0524,GROUP_0006,,EUR,,2026-05-07 08:03:46
COMP_0855,GROUP_0006,,EUR,,2026-05-07 08:27:28
COMP_0957,GROUP_0006,,EUR,,2026-05-07 08:28:25
COMP_0047,GROUP_0018,,EUR,businessCentral,2025-09-02 07:35:08
COMP_0326,GROUP_0018,,EUR,businessCentral,2025-09-02 07:34:47
COMP_0398,GROUP_0018,,EUR,businessCentral,2025-09-02 07:35:40
COMP_0422,GROUP_0018,,EUR,businessCentral,2025-09-02 07:34:25
COMP_0565,GROUP_0018,,EUR,businessCentral,2025-10-07 11:27:15
COMP_0599,GROUP_0018,,EUR,businessCentral,2025-09-02 07:34:58
COMP_0729,GROUP_0018,,EUR,businessCentral,2025-09-02 07:35:49
COMP_0935,GROUP_0018,,EUR,businessCentral,2025-10-02 11:23:56
COMP_0979,GROUP_0018,,EUR,businessCentral,2025-09-02 07:36:09
COMP_1038,GROUP_0018,,EUR,businessCentral,2025-09-02 07:35:19
COMP_1113,GROUP_0018,,EUR,businessCentral,2025-09-02 07:35:30
COMP_1183,GROUP_0018,,EUR,businessCentral,2025-09-02 07:36:00
COMP_0042,GROUP_0162,US,USD,businessOne,2022-04-06 12:52:02
COMP_0278,GROUP_0162,FR,EUR,businessOne,2022-04-06 14:23:50
COMP_0423,GROUP_0162,,EUR,businessOne,2022-04-06 14:21:41
COMP_0440,GROUP_0162,,VND,businessOne,2022-04-06 14:24:21
COMP_0471,GROUP_0162,ES,EUR,businessOne,2022-03-01 17:36:45
COMP_0578,GROUP_0162,ES,EUR,businessOne,2022-04-06 14:23:22
COMP_0694,GROUP_0162,FR,EUR,businessOne,2022-04-06 16:19:17
COMP_0945,GROUP_0162,ES,EUR,businessOne,2022-04-06 07:44:33
COMP_0105,GROUP_0079,,EUR,dynamicsAx,2024-11-28 10:31:01
COMP_0130,GROUP_0079,,EUR,dynamicsAx,2024-11-28 14:02:41
COMP_0161,GROUP_0079,,EUR,dynamicsAx,2024-11-28 14:09:38
COMP_0342,GROUP_0079,,EUR,dynamicsAx,2024-11-28 14:06:09
COMP_0381,GROUP_0079,,EUR,dynamicsAx,2024-11-28 14:07:47
COMP_0500,GROUP_0079,,EUR,dynamicsAx,2024-11-28 10:34:29
COMP_0510,GROUP_0079,,EUR,dynamicsAx,2024-11-28 14:09:09
COMP_0533,GROUP_0079,,EUR,dynamicsAx,2024-11-28 14:08:37
COMP_0575,GROUP_0079,,EUR,dynamicsAx,2024-11-28 14:01:27
COMP_0615,GROUP_0079,,EUR,dynamicsAx,2024-11-28 14:02:07
COMP_0903,GROUP_0079,,EUR,dynamicsAx,2024-11-28 14:08:10
COMP_1046,GROUP_0079,,EUR,dynamicsAx,2024-11-28 14:06:37
COMP_1143,GROUP_0079,,EUR,dynamicsAx,2024-11-28 14:04:19
COMP_1209,GROUP_0079,,EUR,dynamicsAx,2024-11-28 10:30:32
COMP_1256,GROUP_0079,,EUR,dynamicsAx,2024-11-28 10:33:46
COMP_0099,GROUP_0238,ESPAÑA,EUR,sage200,2023-10-06 11:07:45
COMP_0778,GROUP_0238,ESPAÑA,EUR,sage200,2023-10-06 11:08:16
COMP_0906,GROUP_0238,ES,EUR,sage200,2026-01-08 14:35:51
COMP_1074,GROUP_0238,,EUR,sage200,2025-05-04 17:08:08
COMP_0150,GROUP_0081,,EUR,a3,2025-09-09 10:11:05
COMP_0228,GROUP_0081,,EUR,a3,2025-09-09 10:10:50
COMP_0651,GROUP_0081,,EUR,a3,2025-09-09 10:11:22
COMP_0797,GROUP_0081,,EUR,a3,2025-09-09 10:08:31
COMP_0891,GROUP_0081,,EUR,,2025-09-18 13:45:20
COMP_0897,GROUP_0081,,EUR,a3,2025-09-09 10:10:36
COMP_0932,GROUP_0081,,EUR,a3,2025-09-09 10:07:09
COMP_1037,GROUP_0081,,EUR,a3,2025-09-09 10:09:21
COMP_1072,GROUP_0081,,EUR,a3,2025-09-09 10:09:54
COMP_1077,GROUP_0081,,EUR,a3,2025-09-09 10:08:16
COMP_1135,GROUP_0081,,EUR,a3,2025-09-09 10:10:22
COMP_1193,GROUP_0081,,EUR,a3,2025-09-09 10:07:35
COMP_0063,GROUP_0011,,EUR,,2026-01-20 21:39:27
COMP_0297,GROUP_0011,,EUR,,2026-01-20 21:40:47
COMP_0893,GROUP_0011,,EUR,,2026-01-20 21:39:06
COMP_0898,GROUP_0011,,EUR,,2026-01-20 21:34:00
COMP_0954,GROUP_0011,,EUR,,2026-01-20 21:40:35
COMP_0970,GROUP_0011,,EUR,,2026-01-20 21:37:56
COMP_1140,GROUP_0011,,EUR,,2026-01-20 21:38:08
COMP_1205,GROUP_0011,,EUR,,2026-01-20 21:38:26
COMP_1260,GROUP_0011,,EUR,,2026-01-20 21:40:22
COMP_1261,GROUP_0011,,EUR,,2026-01-20 21:41:00
COMP_0965,GROUP_0229,,EUR,,2026-05-06 15:27:44
COMP_1070,GROUP_0031,,EUR,sage200,2025-01-24 11:18:44
COMP_0415,GROUP_0204,,EUR,netsuite,2026-06-09 07:32:55
COMP_0169,GROUP_0090,,EUR,businessCentral,2025-04-24 10:48:30
COMP_0594,GROUP_0090,,EUR,businessCentral,2025-04-24 10:50:01
COMP_0852,GROUP_0090,,EUR,businessCentral,2025-04-24 10:51:12
COMP_1170,GROUP_0090,,EUR,businessCentral,2025-05-13 10:51:18
COMP_1249,GROUP_0090,,EUR,businessCentral,2025-04-24 10:47:02
COMP_1053,GROUP_0002,,EUR,,2026-07-03 12:25:32
COMP_0022,GROUP_0065,,EUR,,2024-10-10 11:08:11
COMP_0087,GROUP_0065,,EUR,,2024-10-10 09:07:45
COMP_0195,GROUP_0065,,EUR,,2024-10-10 11:00:07
COMP_0250,GROUP_0065,,EUR,netsuite,2024-10-10 11:08:53
COMP_0538,GROUP_0065,,EUR,,2024-10-10 09:26:54
COMP_0549,GROUP_0065,,EUR,,2024-10-10 11:01:06
COMP_0595,GROUP_0065,,EUR,,2024-10-10 09:14:01
COMP_0604,GROUP_0065,,EUR,,2024-10-10 09:27:35
COMP_0780,GROUP_0065,,EUR,,2024-10-10 11:07:34
COMP_0791,GROUP_0065,,EUR,,2024-10-10 11:02:58
COMP_0905,GROUP_0065,,EUR,,2024-10-10 11:02:03
COMP_0924,GROUP_0065,,EUR,,2024-10-10 09:15:11
COMP_1250,GROUP_0065,,EUR,netsuite,2024-10-10 11:07:01
COMP_0115,GROUP_0095,,EUR,,2025-11-26 14:28:41
COMP_0162,GROUP_0095,,EUR,,2025-11-26 14:28:04
COMP_0248,GROUP_0095,,EUR,businessCentral,2025-10-31 12:51:29
COMP_0432,GROUP_0095,,EUR,,2025-11-26 14:19:04
COMP_0529,GROUP_0095,,EUR,,2025-11-26 14:29:19
COMP_0546,GROUP_0095,,EUR,,2025-11-26 14:16:21
COMP_0763,GROUP_0095,,EUR,,2025-11-26 14:19:32
COMP_1027,GROUP_0095,,EUR,,2025-11-26 14:20:45
COMP_1051,GROUP_0095,,EUR,,2025-11-26 14:20:07
COMP_1164,GROUP_0095,,EUR,,2025-11-26 14:16:55
COMP_1169,GROUP_0095,,EUR,businessCentral,2025-10-24 09:23:52
COMP_1267,GROUP_0095,,EUR,businessCentral,2025-10-31 12:51:44
COMP_0181,GROUP_0045,,EUR,businessCentral,2023-10-25 11:31:02
COMP_0788,GROUP_0045,,EUR,businessCentral,2023-10-25 11:30:57
COMP_0030,GROUP_0126,,EUR,m3Rosetta,2024-05-21 08:10:04
COMP_0293,GROUP_0126,,EUR,m3Rosetta,2024-05-21 08:08:17
COMP_0493,GROUP_0126,,EUR,,2024-05-21 08:10:29
COMP_0552,GROUP_0126,,EUR,m3Rosetta,2024-05-21 08:08:25
COMP_0647,GROUP_0126,,EUR,m3Rosetta,2024-05-21 08:09:12
COMP_0848,GROUP_0126,,EUR,,2024-05-21 08:10:21
COMP_0923,GROUP_0126,,EUR,m3Rosetta,2024-05-21 08:09:19
COMP_1022,GROUP_0126,,MXN,m3Rosetta,2024-05-21 08:09:54
COMP_1123,GROUP_0126,,MXN,m3Rosetta,2024-05-21 08:09:47
COMP_1130,GROUP_0126,,EUR,,2024-05-21 08:06:46
COMP_1185,GROUP_0126,,EUR,m3Rosetta,2024-05-21 08:08:09
COMP_0170,GROUP_0128,,EUR,,2026-03-25 13:41:49
COMP_0653,GROUP_0128,,EUR,,2025-06-04 12:00:00
COMP_1034,GROUP_0128,,EUR,,2026-01-27 14:12:27
COMP_1152,GROUP_0128,,EUR,,2025-06-04 09:34:58
COMP_1068,GROUP_0209,,GBP,,2026-02-05 14:48:13
COMP_0040,GROUP_0178,,EUR,,2026-03-09 11:59:24
COMP_0716,GROUP_0178,,EUR,,2026-03-11 12:31:33
COMP_0620,GROUP_0082,ES,EUR,businessCentral,2026-03-16 15:12:14
COMP_0770,GROUP_0082,ES,EUR,businessCentral,2025-04-24 13:26:49
COMP_0950,GROUP_0082,ES,EUR,businessCentral,2024-02-05 09:25:12
COMP_0057,GROUP_0122,,CAD,netsuite,2026-02-24 15:37:09
COMP_0323,GROUP_0122,,USD,netsuite,2026-02-24 15:36:49
COMP_0365,GROUP_0122,,EUR,netsuite,2026-02-24 15:33:47
COMP_0371,GROUP_0122,,EUR,netsuite,2026-02-24 15:35:21
COMP_0523,GROUP_0122,,EUR,netsuite,2026-02-24 15:35:49
COMP_0783,GROUP_0122,,GBP,netsuite,2026-02-24 15:36:18
COMP_0920,GROUP_0122,,EUR,netsuite,2026-02-24 15:36:33
COMP_1242,GROUP_0122,,EUR,netsuite,2026-02-24 15:36:04
COMP_0062,GROUP_0165,,EUR,,2025-12-18 10:58:43
COMP_0517,GROUP_0165,,EUR,,2025-12-18 10:56:02
COMP_1121,GROUP_0165,,EUR,,2025-12-18 10:58:54
COMP_1148,GROUP_0165,,EUR,,2025-12-18 10:58:23
COMP_0558,GROUP_0026,,EUR,businessOne,2026-04-22 14:38:12
COMP_1262,GROUP_0026,,EUR,businessOne,2026-04-21 21:01:11
COMP_0004,GROUP_0058,ES,EUR,businessCentral,2026-02-25 08:10:06
COMP_0664,GROUP_0058,ES,EUR,businessCentral,2026-02-25 08:11:45
COMP_0745,GROUP_0058,ES,EUR,businessCentral,2026-02-25 08:11:20
COMP_0038,GROUP_0104,,EUR,,2026-02-27 16:09:11
COMP_0058,GROUP_0104,ES,EUR,libra,2026-02-27 16:06:46
COMP_0132,GROUP_0104,ES,EUR,libra,2026-02-27 16:10:25
COMP_0291,GROUP_0104,,EUR,,2026-02-27 16:08:55
COMP_0420,GROUP_0104,,EUR,,2026-02-27 16:09:31
COMP_0676,GROUP_0104,ES,EUR,libra,2026-02-27 16:10:11
COMP_0756,GROUP_0104,ES,EUR,libra,2026-03-11 20:59:31
COMP_0944,GROUP_0104,ES,EUR,libra,2026-02-27 16:09:43
COMP_1208,GROUP_0104,ES,EUR,libra,2026-02-27 16:10:49
COMP_1243,GROUP_0104,ES,EUR,libra,2026-02-27 16:09:57
COMP_0223,GROUP_0078,,EUR,,2022-12-12 12:30:25
COMP_0258,GROUP_0078,,EUR,,2022-12-12 12:30:44
COMP_0383,GROUP_0078,,EUR,,2022-12-12 12:31:20
COMP_0827,GROUP_0078,,EUR,,2022-12-12 12:30:58
COMP_1265,GROUP_0078,,EUR,,2022-12-12 12:30:36
COMP_1286,GROUP_0030,,EUR,,2021-11-17 10:55:30
COMP_0152,GROUP_0037,ES,EUR,navision,2024-11-20 19:57:41
COMP_0198,GROUP_0037,ES,EUR,navision,2024-11-20 19:59:05
COMP_0636,GROUP_0037,ES,EUR,navision,2024-11-20 19:58:46
COMP_0847,GROUP_0037,ES,EUR,navision,2024-11-20 19:58:27
COMP_0994,GROUP_0037,ES,EUR,navision,2024-11-20 19:58:55
COMP_1168,GROUP_0037,ES,EUR,navision,2024-11-20 19:59:26
COMP_0119,GROUP_0048,,EUR,businessCentral,2026-03-10 16:47:59
COMP_0171,GROUP_0048,,EUR,businessCentral,2026-03-10 16:47:44
COMP_0192,GROUP_0048,,EUR,businessCentral,2026-03-10 16:42:54
COMP_0435,GROUP_0048,,EUR,businessCentral,2026-03-10 16:46:11
COMP_0436,GROUP_0048,,EUR,businessCentral,2026-03-10 16:45:48
COMP_0540,GROUP_0048,,EUR,businessCentral,2026-03-10 16:46:32
COMP_0668,GROUP_0048,,EUR,businessCentral,2026-03-10 16:49:14
COMP_0858,GROUP_0048,,EUR,businessCentral,2026-03-10 16:47:17
COMP_0887,GROUP_0048,,EUR,businessCentral,2026-03-10 16:46:59
COMP_1062,GROUP_0048,,EUR,businessCentral,2026-03-10 16:49:33
COMP_0744,GROUP_0032,US,USD,,2026-01-21 23:19:35
COMP_1012,GROUP_0032,,EUR,,2026-01-21 23:16:10
COMP_1025,GROUP_0032,,EUR,,2026-01-21 23:17:57
COMP_1146,GROUP_0032,,EUR,,2026-01-21 23:18:34
COMP_0233,GROUP_0150,,EUR,,2024-04-24 13:32:33
COMP_0316,GROUP_0150,España,EUR,sage200,2023-11-16 13:16:28
COMP_0341,GROUP_0150,España,EUR,sage200,2023-06-19 14:40:53
COMP_0389,GROUP_0150,,EUR,,2025-06-17 15:03:02
COMP_0438,GROUP_0150,España,EUR,sage200,2023-06-19 14:40:59
COMP_0492,GROUP_0150,,EUR,sage200,2024-04-24 13:42:33
COMP_0568,GROUP_0150,ES,EUR,sage200,2025-03-07 15:24:04
COMP_0665,GROUP_0150,,EUR,sage200,2024-10-11 14:04:15
COMP_0859,GROUP_0150,,EUR,,2024-04-24 13:28:05
COMP_0916,GROUP_0150,,EUR,,2024-04-24 13:29:20
COMP_1153,GROUP_0150,,EUR,,2024-04-24 13:31:39
COMP_1155,GROUP_0150,,EUR,sage200,2024-04-24 13:43:39
COMP_1157,GROUP_0150,,EUR,,2025-11-04 09:39:18
COMP_0466,GROUP_0200,,EUR,netsuite,2025-03-05 17:08:09
COMP_0563,GROUP_0200,ES,EUR,netsuite,2025-03-05 17:06:11
COMP_0598,GROUP_0200,DE,EUR,netsuite,2025-03-05 17:05:55
COMP_0682,GROUP_0200,ES,EUR,netsuite,2025-03-05 17:03:08
COMP_0689,GROUP_0200,,EUR,netsuite,2025-03-05 17:07:45
COMP_0735,GROUP_0200,,EUR,netsuite,2025-03-05 17:07:18
COMP_0958,GROUP_0200,ES,EUR,netsuite,2025-03-05 17:06:44
COMP_1093,GROUP_0200,ES,EUR,netsuite,2025-03-05 17:02:32
COMP_1277,GROUP_0200,DE,EUR,netsuite,2025-03-05 17:07:30
COMP_0065,GROUP_0139,ES,EUR,businessCentral,2024-06-24 17:11:58
COMP_0686,GROUP_0139,ES,EUR,businessCentral,2024-06-24 17:09:47
COMP_1117,GROUP_0139,,EUR,,2025-09-09 10:18:15
COMP_1171,GROUP_0139,ES,EUR,businessCentral,2024-06-24 17:10:58
COMP_1191,GROUP_0139,ES,EUR,businessCentral,2024-06-24 17:12:47
COMP_0006,GROUP_0195,,EUR,businessCentral,2026-01-09 10:39:38
COMP_0008,GROUP_0195,,EUR,businessCentral,2026-01-09 10:32:46
COMP_0116,GROUP_0195,,EUR,businessCentral,2026-01-09 10:37:04
COMP_0364,GROUP_0195,,EUR,businessCentral,2026-01-09 10:40:10
COMP_0974,GROUP_0195,,EUR,businessCentral,2026-01-09 10:35:44
COMP_1020,GROUP_0195,,EUR,businessCentral,2026-01-09 10:38:35
COMP_1237,GROUP_0206,,EUR,fo,2025-09-15 15:38:56
COMP_0385,GROUP_0145,,EUR,,2025-07-14 13:58:39
COMP_0110,GROUP_0008,,EUR,businessCentral,2026-04-01 14:13:36
COMP_0464,GROUP_0008,,EUR,businessCentral,2026-04-01 14:11:25
COMP_0514,GROUP_0008,,EUR,businessCentral,2026-03-31 15:22:23
COMP_0580,GROUP_0008,,EUR,businessCentral,2026-04-01 14:10:48
COMP_0643,GROUP_0008,,EUR,businessCentral,2026-04-01 14:12:02
COMP_0787,GROUP_0008,,EUR,businessCentral,2026-04-01 14:12:37
COMP_0290,GROUP_0053,ES,EUR,businessOne,2025-05-21 09:03:40
COMP_0543,GROUP_0053,ES,EUR,businessOne,2025-05-21 09:01:43
COMP_0593,GROUP_0053,ES,EUR,businessOne,2025-07-29 16:02:46
COMP_0648,GROUP_0053,ES,EUR,businessOne,2025-05-21 09:05:33
COMP_0654,GROUP_0053,ES,EUR,businessOne,2025-12-02 16:10:46
COMP_0842,GROUP_0053,ES,EUR,businessOne,2025-05-21 09:04:00
COMP_1172,GROUP_0053,ES,EUR,businessOne,2025-05-21 09:05:04
COMP_1129,GROUP_0024,,EUR,,2026-02-10 09:44:04
COMP_0028,GROUP_0218,ES,EUR,businessCentral,2024-02-01 16:43:14
COMP_0167,GROUP_0218,ES,EUR,businessCentral,2024-02-01 16:43:19
COMP_0247,GROUP_0218,US,EUR,businessCentral,2025-04-24 15:33:57
COMP_0562,GROUP_0218,ES,EUR,businessCentral,2024-02-01 16:42:43
COMP_0588,GROUP_0218,ES,EUR,businessCentral,2024-02-01 16:42:50
COMP_0612,GROUP_0218,ES,EUR,businessCentral,2024-02-01 16:44:23
COMP_0614,GROUP_0218,ES,EUR,businessCentral,2024-02-01 16:44:19
COMP_0843,GROUP_0218,ES,EUR,businessCentral,2024-02-01 16:43:10
COMP_0864,GROUP_0218,ES,EUR,businessCentral,2024-02-01 16:43:29
COMP_0880,GROUP_0218,US,USD,businessCentral,2025-08-21 10:15:51
COMP_0951,GROUP_0218,ES,EUR,businessCentral,2025-04-24 16:03:46
COMP_0984,GROUP_0218,,EUR,businessCentral,2025-04-24 15:34:33
COMP_1057,GROUP_0218,ES,USD,businessCentral,2025-09-09 08:07:47
COMP_1198,GROUP_0218,ES,EUR,businessCentral,2024-02-01 16:42:55
COMP_1281,GROUP_0218,ES,EUR,businessCentral,2025-04-01 09:40:27
COMP_1282,GROUP_0218,ES,EUR,businessCentral,2024-02-01 16:42:32
COMP_0796,GROUP_0160,ESPANYA,EUR,businessCentral,2023-04-14 17:58:37
COMP_0812,GROUP_0160,ESPANYA,EUR,businessCentral,2023-04-14 18:09:57
COMP_1226,GROUP_0160,Espanya,EUR,businessCentral,2023-04-14 18:09:17
COMP_1204,GROUP_0100,,EUR,businessCentral,2026-02-16 09:03:07
COMP_1214,GROUP_0100,,EUR,businessCentral,2026-02-16 09:08:22
COMP_0391,GROUP_0042,,EUR,,2026-03-12 10:13:02
COMP_0444,GROUP_0042,,EUR,,2026-03-12 10:11:27
COMP_0049,GROUP_0180,,EUR,businessCentral,2025-01-13 10:22:41
COMP_0202,GROUP_0194,,AED,,2024-10-29 11:22:45
COMP_0249,GROUP_0194,GB,GBP,netsuite,2023-04-03 10:14:00
COMP_0312,GROUP_0194,,EUR,,2025-07-07 08:05:00
COMP_0462,GROUP_0194,,EUR,netsuite,2022-10-14 10:37:21
COMP_0567,GROUP_0194,,EUR,,2025-07-07 08:39:49
COMP_0883,GROUP_0194,,EUR,netsuite,2022-10-14 10:28:04
COMP_1255,GROUP_0194,SE,EUR,netsuite,2022-10-14 10:39:04
COMP_0007,GROUP_0064,,EUR,,2026-03-10 11:53:54
COMP_0067,GROUP_0064,,EUR,,2026-03-10 11:56:38
COMP_0127,GROUP_0064,,EUR,,2026-05-06 14:42:42
COMP_0222,GROUP_0064,,EUR,,2026-04-21 08:12:36
COMP_0315,GROUP_0064,,EUR,,2026-03-10 11:54:48
COMP_0390,GROUP_0064,,EUR,,2026-05-06 14:45:19
COMP_0572,GROUP_0064,,EUR,,2026-03-10 11:55:19
COMP_0722,GROUP_0064,,EUR,,2026-03-10 11:55:49
COMP_0738,GROUP_0064,,EUR,,2026-03-10 11:55:07
COMP_0949,GROUP_0064,,EUR,,2026-03-10 11:56:04
COMP_1115,GROUP_0064,,EUR,,2026-04-28 10:39:59
COMP_1144,GROUP_0064,,EUR,,2026-03-10 11:54:30
COMP_0804,GROUP_0077,,BRL,,2026-02-23 17:08:36
COMP_1272,GROUP_0077,,EUR,,2026-02-23 16:56:50
COMP_0077,GROUP_0213,,EUR,businessCentral,2024-01-12 09:49:17
COMP_0230,GROUP_0213,,EUR,,2025-10-03 08:49:40
COMP_0246,GROUP_0213,,EUR,businessCentral,2024-01-12 09:48:57
COMP_0428,GROUP_0213,,EUR,businessCentral,2024-01-12 09:49:20
COMP_0805,GROUP_0213,,EUR,businessCentral,2025-10-03 08:49:19
COMP_1274,GROUP_0213,,EUR,businessCentral,2025-03-24 09:52:01
COMP_0345,GROUP_0069,,EUR,businessCentral,2026-03-20 12:04:27
COMP_1016,GROUP_0069,,EUR,businessCentral,2026-03-10 14:10:55
COMP_1028,GROUP_0069,,EUR,businessCentral,2026-03-10 14:11:45
COMP_1035,GROUP_0148,,EUR,businessCentral,2025-04-01 07:15:06
COMP_1124,GROUP_0148,,EUR,businessCentral,2025-04-01 07:14:08
COMP_1174,GROUP_0148,,EUR,businessCentral,2025-04-01 07:15:44
COMP_0447,GROUP_0190,,EUR,businessCentral,2025-09-09 16:16:30
COMP_0956,GROUP_0166,,EUR,,2026-04-28 09:50:11
COMP_0406,GROUP_0034,,EUR,netsuite,2026-01-09 12:41:04
COMP_0225,GROUP_0118,,EUR,businessCentral,2023-10-05 14:15:50
COMP_0646,GROUP_0118,,EUR,businessCentral,2023-10-05 14:15:19
COMP_0980,GROUP_0118,,EUR,,2023-10-05 14:15:58
COMP_0981,GROUP_0118,,EUR,businessCentral,2023-10-05 14:15:36
COMP_0983,GROUP_0118,,EUR,businessCentral,2023-10-05 14:15:42
COMP_1019,GROUP_0118,,EUR,businessCentral,2026-03-16 14:21:44
COMP_1095,GROUP_0118,,EUR,businessCentral,2025-05-15 06:59:04
COMP_1212,GROUP_0118,,EUR,businessCentral,2023-10-05 14:15:29
COMP_0018,GROUP_0250,,EUR,distritoK,2022-04-22 11:33:18
COMP_0125,GROUP_0250,,EUR,distritoK,2022-04-22 11:30:27
COMP_0263,GROUP_0250,,EUR,distritoK,2022-04-22 11:31:45
COMP_0308,GROUP_0250,,EUR,distritoK,2022-04-22 11:29:02
COMP_0309,GROUP_0250,,EUR,distritoK,2022-04-22 11:31:31
COMP_0363,GROUP_0250,,EUR,distritoK,2022-04-22 11:29:15
COMP_0671,GROUP_0250,,EUR,distritoK,2022-04-22 11:28:50
COMP_0809,GROUP_0250,,EUR,distritoK,2022-04-22 11:28:11
COMP_0815,GROUP_0250,,EUR,distritoK,2022-04-22 11:32:08
COMP_0819,GROUP_0250,,EUR,distritoK,2022-04-22 11:29:27
COMP_0826,GROUP_0250,,EUR,distritoK,2022-04-22 11:32:20
COMP_0831,GROUP_0250,,EUR,distritoK,2022-04-22 11:27:59
COMP_0835,GROUP_0250,,EUR,distritoK,2022-04-22 11:30:14
COMP_0838,GROUP_0250,,EUR,distritoK,2022-04-22 11:31:18
COMP_0839,GROUP_0250,,EUR,distritoK,2022-04-22 11:30:53
COMP_1120,GROUP_0250,,EUR,distritoK,2022-04-22 11:32:35
COMP_1239,GROUP_0250,,EUR,distritoK,2022-04-22 11:31:57
COMP_1240,GROUP_0250,,EUR,distritoK,2022-04-22 11:31:06
COMP_1241,GROUP_0250,,EUR,distritoK,2022-04-22 11:30:40
COMP_1195,GROUP_0171,,EUR,businessCentral,2026-01-26 11:45:00
COMP_0287,GROUP_0231,,EUR,netsuite,2023-10-09 08:23:09
COMP_0803,GROUP_0231,ESPAÑA,EUR,netsuite,2023-10-09 08:22:55
COMP_0474,GROUP_0141,,EUR,businessCentral,2024-05-03 07:36:41
COMP_0846,GROUP_0141,,EUR,businessCentral,2024-05-03 07:37:00
COMP_0875,GROUP_0141,,EUR,businessCentral,2024-05-03 07:36:48
COMP_0985,GROUP_0141,,EUR,businessCentral,2024-05-03 07:37:12
COMP_1045,GROUP_0141,,EUR,businessCentral,2024-05-03 07:36:35
COMP_1079,GROUP_0141,,EUR,businessCentral,2024-05-03 07:36:54
COMP_1156,GROUP_0141,,EUR,businessCentral,2024-05-03 07:37:05
COMP_1223,GROUP_0141,,EUR,businessCentral,2024-05-03 07:36:28
COMP_0051,GROUP_0163,,EUR,navision,2024-02-13 09:25:17
COMP_0284,GROUP_0163,,EUR,navision,2024-02-13 09:25:24
COMP_1006,GROUP_0163,,EUR,navision,2024-02-13 09:25:11
COMP_0265,GROUP_0033,,EUR,,2025-09-26 11:03:10
COMP_0743,GROUP_0033,,EUR,netsuite,2025-09-26 09:50:36
COMP_0570,GROUP_0123,,EUR,businessCentral,2026-04-07 08:27:05
COMP_0009,GROUP_0225,,EUR,businessCentral,2025-08-07 10:10:47
COMP_0039,GROUP_0225,,EUR,businessCentral,2025-09-21 10:00:44
COMP_0176,GROUP_0225,,EUR,businessCentral,2025-08-07 10:10:25
COMP_0481,GROUP_0225,,EUR,,2025-09-18 15:43:50
COMP_0982,GROUP_0207,ES,EUR,,2025-03-10 09:05:55
COMP_0019,GROUP_0212,,EUR,,2024-07-10 16:36:49
COMP_0172,GROUP_0212,,EUR,,2024-07-08 16:05:13
COMP_0244,GROUP_0212,,EUR,,2024-07-10 16:17:46
COMP_0458,GROUP_0212,,EUR,,2025-09-04 10:55:18
COMP_0564,GROUP_0212,,EUR,,2024-07-10 16:38:26
COMP_0596,GROUP_0212,,EUR,,2024-09-09 09:26:28
COMP_0617,GROUP_0212,,MXN,,2025-12-01 17:25:50
COMP_0687,GROUP_0212,,EUR,,2024-07-10 16:34:34
COMP_0706,GROUP_0212,,EUR,,2024-07-10 16:32:46
COMP_0766,GROUP_0212,,EUR,,2024-07-10 16:35:42
COMP_1167,GROUP_0212,,EUR,,2024-07-10 16:31:12
COMP_0220,GROUP_0124,,EUR,,2025-12-04 10:52:11
COMP_0495,GROUP_0124,,EUR,distritoK,2025-12-04 10:51:54
COMP_1058,GROUP_0124,,EUR,,2025-12-04 10:52:51
COMP_0190,GROUP_0182,,EUR,netsuite,2025-12-09 16:37:28
COMP_0430,GROUP_0182,,EUR,netsuite,2025-12-09 16:37:54
COMP_0446,GROUP_0182,,EUR,,2025-12-09 16:36:04
COMP_1087,GROUP_0182,,EUR,netsuite,2025-12-09 16:38:48
COMP_1110,GROUP_0182,,EUR,netsuite,2025-12-09 16:36:45
COMP_0597,GROUP_0029,ES,EUR,ekon,2025-10-28 16:40:52
COMP_0825,GROUP_0043,ESPAÑA,EUR,,2023-01-25 20:30:35
COMP_0041,GROUP_0149,,EUR,m3Rosetta,2026-02-16 09:42:04
COMP_0093,GROUP_0149,,GBP,m3Rosetta,2026-02-16 10:35:01
COMP_0166,GROUP_0149,,GBP,m3Rosetta,2026-02-16 10:36:39
COMP_0238,GROUP_0149,,EUR,m3Rosetta,2026-02-16 09:42:45
COMP_0332,GROUP_0149,,EUR,m3Rosetta,2026-02-16 20:05:42
COMP_0469,GROUP_0149,,CLP,m3Rosetta,2025-01-27 17:54:58
COMP_0731,GROUP_0149,,EUR,m3Rosetta,2026-02-16 09:43:33
COMP_0784,GROUP_0149,,GBP,m3Rosetta,2026-02-16 10:35:48
COMP_0800,GROUP_0149,,GBP,m3Rosetta,2026-02-16 10:34:38
COMP_0976,GROUP_0149,,GBP,m3Rosetta,2026-02-16 10:34:08
COMP_1126,GROUP_0149,,EUR,m3Rosetta,2026-02-16 09:43:07
COMP_1284,GROUP_0149,,EUR,m3Rosetta,2026-02-16 20:05:29
COMP_1285,GROUP_0149,,GBP,m3Rosetta,2026-02-16 10:36:03
COMP_0269,GROUP_0156,,EUR,,2023-07-04 11:50:07
COMP_0899,GROUP_0093,,EUR,businessCentral,2025-06-06 08:29:32
COMP_0519,GROUP_0233,,EUR,,2023-12-27 07:28:55
COMP_0769,GROUP_0114,PT,EUR,,2026-07-13 06:15:38
COMP_0850,GROUP_0114,ES,EUR,,2026-07-13 06:15:55
COMP_0896,GROUP_0114,ES,EUR,,2026-07-13 06:15:20
COMP_1132,GROUP_0114,ES,EUR,,2026-07-13 06:16:15
COMP_0174,GROUP_0017,ESPAÑA,EUR,,2024-06-17 07:24:14
COMP_0179,GROUP_0017,ESPAÑA,EUR,,2024-06-17 07:33:08
COMP_0272,GROUP_0017,ES,EUR,,2026-04-07 10:13:52
COMP_0449,GROUP_0017,ESPAÑA,EUR,,2024-06-17 07:36:02
COMP_0530,GROUP_0017,ESPAÑA,EUR,,2024-06-17 07:20:59
COMP_0532,GROUP_0017,ESPAÑA,EUR,,2024-07-05 05:35:10
COMP_0616,GROUP_0017,ESPAÑA,EUR,,2024-06-17 07:26:43
COMP_0696,GROUP_0017,ESPAÑA,EUR,,2024-06-17 07:22:49
COMP_0786,GROUP_0017,ESPAÑA,EUR,,2024-06-17 07:31:13
COMP_0901,GROUP_0017,ES,EUR,,2026-04-07 09:43:39
COMP_1094,GROUP_0017,ESPAÑA,EUR,,2024-06-17 07:29:48
COMP_0026,GROUP_0236,,EUR,,2026-03-02 13:56:10
COMP_0144,GROUP_0236,,EUR,,2026-03-02 13:54:25
COMP_0277,GROUP_0236,,EUR,,2026-03-02 13:50:15
COMP_0439,GROUP_0236,,EUR,,2026-03-02 13:55:53
COMP_0470,GROUP_0236,,EUR,,2026-03-02 13:53:13
COMP_0644,GROUP_0236,,EUR,,2026-03-02 13:50:59
COMP_0684,GROUP_0236,,EUR,,2026-03-02 13:52:10
COMP_0702,GROUP_0236,,EUR,,2026-03-02 13:53:34
COMP_0724,GROUP_0236,,EUR,,2026-03-02 13:49:11
COMP_0752,GROUP_0236,,EUR,,2026-03-02 13:50:44
COMP_0872,GROUP_0236,,EUR,,2026-03-02 13:50:29
COMP_0988,GROUP_0236,,EUR,,2026-03-02 13:47:48
COMP_1021,GROUP_0236,,EUR,,2026-03-02 13:56:28
COMP_1092,GROUP_0236,,EUR,,2026-03-02 13:48:53
COMP_1101,GROUP_0236,,EUR,,2026-03-02 13:51:21
COMP_1103,GROUP_0236,,GBP,,2026-03-02 13:56:44
COMP_1114,GROUP_0236,,EUR,,2026-03-02 13:49:30
COMP_0281,GROUP_0127,,EUR,,2025-09-18 08:37:00
COMP_0304,GROUP_0127,,EUR,,2025-09-18 08:37:15
COMP_0358,GROUP_0127,,EUR,,2025-09-18 08:36:41
COMP_0635,GROUP_0127,,EUR,,2025-09-18 08:33:15
COMP_0768,GROUP_0127,,EUR,,2025-09-18 08:35:28
COMP_0877,GROUP_0127,,EUR,,2025-09-18 08:36:05
COMP_0991,GROUP_0127,,EUR,,2025-09-24 16:15:34
COMP_1216,GROUP_0127,,EUR,,2025-09-18 08:35:47
COMP_0164,GROUP_0154,,EUR,businessCentral,2023-07-04 07:36:24
COMP_0624,GROUP_0154,,EUR,,2023-07-04 07:38:06
COMP_0678,GROUP_0154,,EUR,businessCentral,2023-07-04 07:37:46
COMP_0962,GROUP_0154,,EUR,,2023-07-04 07:38:18
COMP_0092,GROUP_0159,,EUR,,2024-09-25 07:07:53
COMP_0321,GROUP_0159,,EUR,,2024-10-08 11:08:17
COMP_0334,GROUP_0159,,EUR,,2024-09-25 07:05:51
COMP_0582,GROUP_0159,,EUR,,2022-09-07 14:19:43
COMP_0625,GROUP_0159,,EUR,,2022-09-07 14:20:23
COMP_0824,GROUP_0159,,EUR,,2022-10-13 13:25:56
COMP_0963,GROUP_0159,,EUR,,2022-09-07 14:21:06
COMP_1007,GROUP_0159,,EUR,,2022-07-18 15:20:05
COMP_1054,GROUP_0159,,EUR,,2022-09-07 14:20:09
COMP_1137,GROUP_0159,,EUR,,2024-09-25 07:08:19
COMP_1178,GROUP_0159,ES,EUR,,2024-09-25 07:07:35
COMP_1189,GROUP_0159,,EUR,,2022-07-18 15:20:28
COMP_1280,GROUP_0159,,EUR,,2022-07-15 07:12:03
COMP_0126,GROUP_0220,,EUR,navision,2024-03-21 16:23:10
COMP_0141,GROUP_0220,,EUR,navision,2025-09-24 15:11:13
COMP_0178,GROUP_0220,,EUR,navision,2024-03-21 16:23:59
COMP_0354,GROUP_0220,,EUR,navision,2024-03-21 16:24:37
COMP_0909,GROUP_0220,,EUR,navision,2024-03-21 16:21:34
COMP_1008,GROUP_0220,,EUR,navision,2025-02-10 16:21:55
COMP_0274,GROUP_0097,,EUR,,2025-02-14 10:13:55
COMP_0346,GROUP_0097,,EUR,businessCentral,2025-02-14 09:45:04
COMP_0387,GROUP_0097,,EUR,businessCentral,2025-02-14 09:38:47
COMP_0424,GROUP_0097,,EUR,businessCentral,2025-02-14 09:38:09
COMP_0425,GROUP_0097,,EUR,,2025-02-14 10:14:13
COMP_0560,GROUP_0097,,EUR,,2025-02-14 10:13:11
COMP_0857,GROUP_0097,,EUR,businessCentral,2025-02-14 09:44:34
COMP_0351,GROUP_0223,,EUR,,2026-06-22 20:31:37
COMP_0001,GROUP_0147,,EUR,sage200,2026-03-11 12:20:06
COMP_0793,GROUP_0147,,EUR,sage200,2026-03-10 15:49:30
COMP_0878,GROUP_0147,,EUR,sage200,2026-03-11 12:20:57
COMP_0914,GROUP_0244,,EUR,businessCentral,2025-04-04 09:19:16
COMP_1227,GROUP_0244,,EUR,businessCentral,2025-04-04 09:19:47
COMP_0255,GROUP_0025,,EUR,dynamicsAx,2026-03-09 10:44:39
COMP_1049,GROUP_0025,,EUR,dynamicsAx,2026-03-09 12:48:58
COMP_0078,GROUP_0246,,EUR,businessCentral,2026-04-14 19:20:57
COMP_0320,GROUP_0246,,EUR,businessCentral,2026-04-14 19:24:23
COMP_0369,GROUP_0246,,EUR,businessCentral,2026-04-14 19:20:29
COMP_0465,GROUP_0246,,EUR,businessCentral,2026-04-14 19:20:03
COMP_0550,GROUP_0246,,EUR,businessCentral,2026-04-14 19:22:15
COMP_0849,GROUP_0246,,EUR,businessCentral,2026-04-14 19:22:49
COMP_0930,GROUP_0246,,EUR,businessCentral,2026-04-14 19:24:58
COMP_0036,GROUP_0103,,EUR,,2025-03-13 11:06:51
COMP_0128,GROUP_0103,,EUR,,2025-03-13 11:06:29
COMP_0133,GROUP_0103,,EUR,,2025-03-13 11:05:50
COMP_0452,GROUP_0103,,EUR,,2025-03-13 11:04:21
COMP_0602,GROUP_0103,,EUR,,2025-03-13 11:04:47
COMP_0700,GROUP_0103,,EUR,,2025-03-13 11:02:29
COMP_0755,GROUP_0103,,EUR,,2025-03-13 10:54:55
COMP_0774,GROUP_0103,,EUR,,2025-03-13 11:07:03
COMP_0867,GROUP_0103,,EUR,,2025-03-13 11:03:29
COMP_0952,GROUP_0103,,EUR,,2025-03-13 11:02:59
COMP_1091,GROUP_0103,,EUR,,2025-03-13 11:03:43
COMP_1098,GROUP_0103,,EUR,,2025-03-13 11:04:07
COMP_1107,GROUP_0103,,EUR,,2025-03-13 11:07:29
COMP_1180,GROUP_0103,,EUR,,2025-03-13 11:06:39
COMP_1211,GROUP_0103,,EUR,,2025-03-13 11:06:16
COMP_1276,GROUP_0103,,EUR,,2025-03-13 11:04:35
COMP_0122,GROUP_0086,,EUR,,2024-10-18 10:51:36
COMP_0261,GROUP_0086,,EUR,,2024-10-18 10:51:09
COMP_0463,GROUP_0086,,USD,,2024-10-18 10:53:21
COMP_1133,GROUP_0086,,EUR,,2024-10-18 10:52:02
COMP_1166,GROUP_0086,,USD,,2024-10-18 10:52:37
COMP_0318,GROUP_0226,,EUR,businessCentral,2025-10-07 09:37:36
COMP_0861,GROUP_0226,,EUR,businessCentral,2025-10-07 09:37:08
COMP_0993,GROUP_0226,,EUR,businessCentral,2025-10-07 09:36:54
COMP_1024,GROUP_0226,,EUR,businessCentral,2025-10-07 09:37:22
COMP_0715,GROUP_0177,IT,EUR,,2025-08-25 09:08:02
COMP_0806,GROUP_0177,ES,EUR,,2025-07-02 13:37:26
COMP_0245,GROUP_0096,ES,EUR,netsuite,2025-07-31 10:10:11
COMP_0331,GROUP_0096,,EUR,netsuite,2023-07-03 09:44:32
COMP_0396,GROUP_0096,,EUR,netsuite,2023-07-03 10:44:42
COMP_0834,GROUP_0096,,EUR,netsuite,2023-07-03 09:43:58
COMP_0868,GROUP_0096,,EUR,netsuite,2023-07-03 09:44:17
COMP_0922,GROUP_0096,ES,EUR,netsuite,2025-06-02 16:04:06
COMP_1253,GROUP_0096,ES,EUR,netsuite,2025-07-31 10:09:42
COMP_0100,GROUP_0129,,EUR,businessCentral,2025-04-21 12:32:25
COMP_0457,GROUP_0129,,EUR,businessCentral,2025-04-21 12:32:37
COMP_0609,GROUP_0129,,EUR,businessCentral,2025-04-21 12:33:41
COMP_0733,GROUP_0129,,EUR,businessCentral,2025-04-21 12:34:18
COMP_0904,GROUP_0129,,EUR,businessCentral,2025-04-21 12:30:29
COMP_0968,GROUP_0129,,EUR,businessCentral,2025-04-21 12:34:39
COMP_0034,GROUP_0172,,EUR,,2025-05-22 14:21:20
COMP_0082,GROUP_0172,,EUR,,2025-05-22 14:22:20
COMP_0088,GROUP_0172,,EUR,,2025-05-22 14:20:41
COMP_0356,GROUP_0172,,EUR,,2025-05-22 14:21:03
COMP_0467,GROUP_0172,,EUR,,2025-05-22 14:19:59
COMP_0526,GROUP_0172,,EUR,,2025-05-22 14:20:19
COMP_0537,GROUP_0172,ES,EUR,,2025-09-18 10:33:07
COMP_0577,GROUP_0172,,EUR,,2025-05-22 14:24:17
COMP_0632,GROUP_0172,,EUR,,2025-05-22 14:26:10
COMP_0655,GROUP_0172,,EUR,,2025-05-22 14:24:35
COMP_0679,GROUP_0172,,EUR,,2025-05-22 14:23:09
COMP_0714,GROUP_0172,,EUR,,2025-05-22 14:25:33
COMP_0747,GROUP_0172,,EUR,,2025-05-22 14:22:03
COMP_0750,GROUP_0172,,EUR,,2025-05-22 14:26:26
COMP_0894,GROUP_0172,,EUR,,2025-05-22 14:21:41
COMP_0910,GROUP_0172,,EUR,,2025-05-22 14:23:51
COMP_0911,GROUP_0172,,EUR,,2025-05-22 14:25:51
COMP_0937,GROUP_0172,,EUR,,2025-05-22 14:23:31
COMP_1005,GROUP_0172,,EUR,,2025-05-22 14:27:18
COMP_1084,GROUP_0172,,EUR,,2025-05-22 14:24:54
COMP_1271,GROUP_0172,ES,EUR,,2025-05-05 09:22:10
COMP_0298,GROUP_0063,,EUR,,2025-04-03 14:55:52
COMP_0483,GROUP_0063,,EUR,,2025-04-03 14:54:54
COMP_0561,GROUP_0063,,EUR,,2025-04-03 14:54:18
COMP_0623,GROUP_0063,,EUR,,2024-04-10 13:55:13
COMP_1125,GROUP_0063,,EUR,,2025-04-03 14:55:24
COMP_0089,GROUP_0153,,EUR,sage200,2023-08-02 08:07:06
COMP_0123,GROUP_0153,,EUR,sage200,2023-08-02 08:07:53
COMP_0207,GROUP_0153,,EUR,sage200,2023-08-02 08:06:59
COMP_0498,GROUP_0153,,EUR,sage200,2026-02-11 15:00:39
COMP_0649,GROUP_0153,,EUR,sage200,2023-08-02 08:07:25
COMP_0829,GROUP_0153,,EUR,sage200,2023-08-02 08:07:59
COMP_0074,GROUP_0088,,EUR,sageX3,2025-02-20 13:31:50
COMP_0330,GROUP_0088,,EUR,sageX3,2025-02-20 13:30:56
COMP_0338,GROUP_0088,,EUR,sageX3,2025-02-20 13:08:14
COMP_0844,GROUP_0088,,EUR,sageX3,2025-02-20 13:32:18
COMP_0915,GROUP_0088,,EUR,sageX3,2025-02-20 13:29:44
COMP_0020,GROUP_0007,,EUR,,2026-04-27 14:27:49
COMP_0145,GROUP_0007,,GBP,,2026-04-27 14:37:18
COMP_0669,GROUP_0007,ES,EUR,,2026-04-27 14:36:42
COMP_1041,GROUP_0007,,EUR,,2026-04-27 14:40:18
COMP_1080,GROUP_0007,,EUR,,2026-04-27 14:41:13
COMP_0288,GROUP_0075,,EUR,,2023-02-20 12:31:41
COMP_0046,GROUP_0062,,EUR,a3,2025-10-15 11:56:29
COMP_1268,GROUP_0027,,EUR,,2026-02-02 14:38:51
COMP_0050,GROUP_0230,,USD,r3,2025-10-31 12:21:37
COMP_0070,GROUP_0230,,EUR,r3,2025-10-31 12:20:53
COMP_0421,GROUP_0230,,EUR,r3,2025-10-31 12:20:12
COMP_0723,GROUP_0230,,EUR,r3,2025-10-31 12:19:38
COMP_0865,GROUP_0230,,EUR,r3,2025-10-31 12:16:05
COMP_0919,GROUP_0230,,EUR,r3,2025-10-28 17:47:54
COMP_1194,GROUP_0230,,EUR,r3,2025-10-31 12:21:19
COMP_1065,GROUP_0215,,EUR,,2026-01-07 10:29:28
COMP_0393,GROUP_0054,,EUR,,2025-10-07 12:35:48
COMP_0662,GROUP_0054,,EUR,netsuite,2025-12-03 11:13:53
COMP_0767,GROUP_0054,,EUR,,2025-12-03 11:14:23
COMP_1235,GROUP_0054,,EUR,,2025-12-03 11:13:24
COMP_0155,GROUP_0143,,EUR,businessCentral,2024-04-11 08:48:58
COMP_0175,GROUP_0143,,EUR,,2026-02-09 10:14:17
COMP_0375,GROUP_0143,,EUR,businessCentral,2024-02-22 09:46:51
COMP_0443,GROUP_0143,,EUR,,2026-02-09 10:13:34
COMP_0583,GROUP_0143,,EUR,,2024-02-23 09:05:04
COMP_0663,GROUP_0143,,EUR,,2026-02-09 10:13:59
COMP_0946,GROUP_0143,,EUR,,2025-09-11 11:31:09
COMP_1001,GROUP_0143,,EUR,businessCentral,2024-02-22 09:45:30
COMP_1131,GROUP_0143,,EUR,,2026-02-09 10:07:00
COMP_1224,GROUP_0143,,EUR,businessCentral,2024-04-11 08:48:47
COMP_0350,GROUP_0189,,EUR,sageX3,2024-07-24 13:23:53
COMP_0836,GROUP_0189,,GBP,sageX3,2023-05-08 08:52:57
COMP_0876,GROUP_0189,,EUR,sageX3,2023-12-19 10:10:39
COMP_0948,GROUP_0189,,EUR,sageX3,2023-05-08 08:53:27
COMP_1177,GROUP_0120,,EUR,r3,2023-10-25 13:38:35
COMP_0209,GROUP_0221,,EUR,businessCentral,2026-02-10 08:56:35
COMP_0728,GROUP_0183,,USD,businessOne,2026-01-23 14:11:55
COMP_0799,GROUP_0183,GB,GBP,businessOne,2026-01-20 09:45:48
COMP_0921,GROUP_0183,,EUR,businessOne,2026-01-23 14:12:07
COMP_0695,GROUP_0084,IT,EUR,netsuite,2024-06-17 13:23:08
COMP_0931,GROUP_0084,PT,EUR,netsuite,2024-06-17 13:22:45
COMP_1206,GROUP_0084,NL,EUR,netsuite,2025-02-21 12:17:06
COMP_1218,GROUP_0084,DE,EUR,netsuite,2025-10-29 12:16:56
COMP_0380,GROUP_0059,,EUR,businessCentral,2025-03-03 17:42:28
COMP_1009,GROUP_0059,,EUR,businessCentral,2025-03-03 17:43:07
COMP_0343,GROUP_0167,,EUR,sageX3,2025-09-02 07:35:35
COMP_0280,GROUP_0107,,GBP,sageX3,2026-07-14 11:15:16
COMP_1104,GROUP_0107,,USD,sageX3,2026-07-14 11:16:09
COMP_0059,GROUP_0101,,EUR,,2024-11-04 14:56:20
COMP_0073,GROUP_0101,,EUR,,2024-11-04 14:33:11
COMP_0117,GROUP_0101,,EUR,,2024-11-04 14:54:13
COMP_0151,GROUP_0101,,EUR,,2023-06-30 09:34:47
COMP_0201,GROUP_0101,,EUR,,2024-11-04 15:01:19
COMP_0229,GROUP_0101,,EUR,,2024-11-04 15:04:27
COMP_0234,GROUP_0101,,EUR,,2024-11-04 14:28:47
COMP_0314,GROUP_0101,,EUR,,2024-11-04 15:15:32
COMP_0325,GROUP_0101,,EUR,,2024-11-04 15:02:54
COMP_0349,GROUP_0101,,EUR,,2024-11-04 14:59:00
COMP_0518,GROUP_0101,,EUR,,2024-11-04 14:58:17
COMP_0571,GROUP_0101,,EUR,,2024-11-04 15:03:49
COMP_0670,GROUP_0101,,EUR,,2024-11-04 14:59:55
COMP_0807,GROUP_0101,,EUR,,2024-11-04 15:00:41
COMP_0856,GROUP_0101,,EUR,,2024-11-04 14:52:01
COMP_0882,GROUP_0101,,EUR,,2024-11-04 15:05:14
COMP_0961,GROUP_0101,,EUR,,2024-11-04 15:09:24
COMP_1163,GROUP_0101,,EUR,,2024-11-04 14:34:03
COMP_0869,GROUP_0228,,EUR,,2025-08-07 10:11:21
COMP_0502,GROUP_0098,,EUR,,2026-02-04 15:38:28
COMP_0083,GROUP_0133,,EUR,businessCentral,2026-03-19 09:17:48
COMP_0757,GROUP_0133,,EUR,businessCentral,2026-03-19 09:16:05
COMP_0730,GROUP_0041,DE,EUR,,2026-06-17 16:03:10
COMP_0734,GROUP_0041,US,USD,,2026-06-17 16:03:45
COMP_0585,GROUP_0004,España,EUR,netsuite,2023-11-16 11:11:22
COMP_1188,GROUP_0004,España,EUR,netsuite,2023-11-16 11:11:27
COMP_0681,GROUP_0176,ES,EUR,,2022-10-15 16:28:17
COMP_0021,GROUP_0023,,EUR,sage200,2026-03-26 16:18:11
COMP_0257,GROUP_0023,,EUR,sage200,2025-03-17 16:11:21
COMP_0433,GROUP_0023,,EUR,sage200,2025-03-17 16:10:35
COMP_0453,GROUP_0023,,EUR,sage200,2025-03-17 16:14:14
COMP_0507,GROUP_0023,,EUR,sage200,2025-03-17 16:13:38
COMP_0542,GROUP_0023,,EUR,sage200,2025-03-17 16:12:09
COMP_0547,GROUP_0023,,EUR,sage200,2025-03-17 16:11:10
COMP_0557,GROUP_0023,,EUR,,2025-07-04 07:13:45
COMP_0607,GROUP_0023,,EUR,sage200,2025-03-17 16:12:24
COMP_0675,GROUP_0023,,EUR,sage200,2025-03-17 16:14:28
COMP_0713,GROUP_0023,,EUR,sage200,2025-03-17 15:51:37
COMP_0772,GROUP_0023,,EUR,sage200,2025-03-17 16:12:34
COMP_0801,GROUP_0023,,EUR,sage200,2025-03-17 16:10:57
COMP_0873,GROUP_0023,,EUR,sage200,2025-03-17 16:11:58
COMP_1032,GROUP_0023,,EUR,sage200,2025-03-17 16:13:48
COMP_1118,GROUP_0023,,EUR,sage200,2026-03-26 16:18:46
COMP_1154,GROUP_0023,,EUR,,2025-07-04 07:13:23
COMP_1147,GROUP_0181,,EUR,,2024-09-13 21:03:01
COMP_0760,GROUP_0249,,EUR,,2022-10-10 16:46:03
COMP_0010,GROUP_0013,,EUR,sageX3,2024-05-23 10:03:43
COMP_0029,GROUP_0013,,EUR,sageX3,2024-05-23 10:02:55
COMP_0226,GROUP_0013,,EUR,sageX3,2024-05-23 10:04:15
COMP_0504,GROUP_0013,,EUR,sageX3,2024-05-23 10:03:57
COMP_0618,GROUP_0013,,EUR,sageX3,2024-05-23 10:03:04
COMP_0628,GROUP_0013,,EUR,sageX3,2024-11-20 15:10:35
COMP_0666,GROUP_0013,,EUR,sageX3,2024-05-23 10:04:19
COMP_0741,GROUP_0013,,EUR,sageX3,2024-05-23 10:03:27
COMP_0959,GROUP_0013,,EUR,sageX3,2024-05-23 10:03:08
COMP_0973,GROUP_0013,,EUR,sageX3,2024-05-23 10:03:15
COMP_1078,GROUP_0013,,EUR,sageX3,2024-05-23 10:03:23
COMP_1244,GROUP_0013,,EUR,sageX3,2025-11-18 17:36:32
COMP_0146,GROUP_0020,,EUR,,2025-06-23 07:45:48
COMP_0374,GROUP_0020,,EUR,,2025-09-22 14:46:45
COMP_0386,GROUP_0020,,EUR,,2025-06-23 07:47:17
COMP_0520,GROUP_0020,,EUR,,2025-06-23 07:46:06
COMP_0717,GROUP_0020,,EUR,,2025-06-23 07:48:16
COMP_1270,GROUP_0020,,EUR,,2025-06-23 07:46:20
COMP_0329,GROUP_0161,,EUR,,2022-03-13 10:02:54
COMP_0886,GROUP_0161,España ,EUR,,2022-02-22 10:48:02
COMP_0890,GROUP_0245,,EUR,r3,2024-04-08 09:38:38
COMP_0016,GROUP_0070,ES,EUR,businessCentral,2023-06-06 14:53:57
COMP_0113,GROUP_0070,ES,EUR,businessCentral,2023-03-21 09:08:12
COMP_0131,GROUP_0070,ES,EUR,businessCentral,2025-09-08 06:49:05
COMP_0215,GROUP_0070,ES,EUR,businessCentral,2023-03-21 09:07:29
COMP_0376,GROUP_0070,ES,EUR,businessCentral,2025-06-30 12:47:56
COMP_0418,GROUP_0070,ES,EUR,businessCentral,2023-06-06 14:51:27
COMP_0461,GROUP_0070,ES,EUR,businessCentral,2023-03-21 09:06:58
COMP_0508,GROUP_0070,ES,EUR,businessCentral,2023-03-21 09:08:44
COMP_0601,GROUP_0070,ES,EUR,businessCentral,2023-03-21 09:08:35
COMP_0626,GROUP_0070,ES,EUR,,2023-03-21 09:07:44
COMP_0792,GROUP_0070,,EUR,,2023-03-21 09:06:43
COMP_0817,GROUP_0070,ES,EUR,businessCentral,2023-03-21 09:08:23
COMP_0821,GROUP_0070,ES,EUR,businessCentral,2023-03-21 09:07:37
COMP_0837,GROUP_0070,ES,EUR,,2023-03-21 09:07:10
COMP_0953,GROUP_0070,,EUR,businessCentral,2025-09-08 06:25:25
COMP_1090,GROUP_0070,ES,EUR,,2023-03-21 09:07:19
COMP_1100,GROUP_0070,ES,EUR,businessCentral,2025-06-30 12:36:11
COMP_1252,GROUP_0070,ES,EUR,businessCentral,2023-06-06 14:58:28
COMP_1042,GROUP_0012,,EUR,,2023-10-13 12:42:51
COMP_0204,GROUP_0052,,EUR,netsuite,2025-11-24 15:17:59
COMP_0485,GROUP_0052,,EUR,netsuite,2025-11-24 15:17:13
COMP_0476,GROUP_0111,,EUR,businessOne,2023-12-22 07:54:03
COMP_1061,GROUP_0111,,EUR,businessOne,2023-12-22 07:53:51
COMP_0111,GROUP_0243,,EUR,,2026-04-22 08:01:45
COMP_0211,GROUP_0243,,EUR,,2026-04-22 08:03:09
COMP_0236,GROUP_0243,,EUR,,2026-04-16 09:36:46
COMP_0302,GROUP_0243,,PLN,,2026-04-22 08:03:27
COMP_0749,GROUP_0243,,EUR,,2026-04-22 08:00:34
COMP_0581,GROUP_0191,,EUR,,2022-11-11 09:01:19
COMP_0936,GROUP_0046,,EUR,businessCentral,2025-04-24 08:43:39
COMP_0574,GROUP_0197,,EUR,businessCentral,2023-10-24 14:23:25
COMP_1139,GROUP_0197,,EUR,businessCentral,2023-10-24 14:23:49
COMP_0711,GROUP_0219,,EUR,netsuite,2023-06-02 10:16:40
COMP_0072,GROUP_0003,,GBP,businessOne,2026-03-17 14:36:02
COMP_0154,GROUP_0003,,GBP,businessOne,2026-03-17 14:32:36
COMP_0208,GROUP_0003,,GBP,businessOne,2026-03-17 14:36:39
COMP_0426,GROUP_0003,,EUR,businessOne,2026-03-17 14:38:04
COMP_0339,GROUP_0188,GB,GBP,netsuite,2024-09-17 10:27:30
COMP_0559,GROUP_0188,NL,GBP,netsuite,2024-09-02 15:35:58
COMP_0366,GROUP_0119,,EUR,sageIntacct,2026-03-02 08:26:34
COMP_0566,GROUP_0119,,GBP,sageIntacct,2026-03-05 16:13:41
COMP_1023,GROUP_0119,,NOK,,2026-03-05 16:15:55
COMP_1108,GROUP_0119,,DKK,sageIntacct,2026-03-05 16:15:05
COMP_1190,GROUP_0119,,USD,sageIntacct,2026-03-05 16:13:23
COMP_0147,GROUP_0227,,EUR,,2024-10-13 14:37:52
COMP_0832,GROUP_0014,ES,EUR,holded,2023-02-20 12:09:18
COMP_0240,GROUP_0009,,CAD,,2025-12-10 13:43:25
COMP_0301,GROUP_0009,,EUR,,2025-12-05 08:12:09
COMP_0377,GROUP_0009,,EUR,,2025-12-05 08:08:18
COMP_0409,GROUP_0009,,BAM,,2025-12-05 08:10:58
COMP_0690,GROUP_0009,,USD,,2025-12-05 08:13:51
COMP_0727,GROUP_0009,,EUR,,2025-12-05 08:11:34
COMP_1141,GROUP_0009,,USD,,2025-12-05 08:14:25
COMP_1181,GROUP_0009,,EUR,,2025-12-05 08:09:18
COMP_1229,GROUP_0009,,GBP,,2025-12-05 08:12:57
COMP_0134,GROUP_0169,FR,EUR,,2025-09-10 10:56:32
COMP_0541,GROUP_0169,DE,EUR,,2025-09-10 08:48:47
COMP_0758,GROUP_0169,NL,EUR,,2025-09-10 10:58:03
COMP_1111,GROUP_0169,,EUR,,2026-01-14 13:35:30
COMP_1116,GROUP_0169,,EUR,,2026-01-14 13:34:33
COMP_1220,GROUP_0169,AT,EUR,,2025-09-10 10:55:20
COMP_1221,GROUP_0169,DE,EUR,,2025-09-10 10:52:32
COMP_0097,GROUP_0170,,USD,,2025-06-10 11:03:23
COMP_0103,GROUP_0170,,EUR,,2025-06-10 11:02:20
COMP_0109,GROUP_0170,,EUR,,2025-06-10 11:02:50
COMP_0213,GROUP_0170,,NZD,,2025-06-10 11:11:54
COMP_0243,GROUP_0170,,EUR,,2025-06-10 10:52:17
COMP_0251,GROUP_0170,,PEN,,2025-06-10 11:07:46
COMP_0256,GROUP_0170,,USD,,2025-06-10 10:59:38
COMP_0317,GROUP_0170,,EUR,,2025-07-24 09:09:58
COMP_0429,GROUP_0170,,EUR,,2025-06-10 11:01:37
COMP_0479,GROUP_0170,,AUD,,2025-06-10 11:11:08
COMP_0487,GROUP_0170,,COP,,2025-06-10 11:03:58
COMP_0753,GROUP_0170,,EUR,,2025-06-10 11:00:45
COMP_0781,GROUP_0170,,USD,,2025-06-10 11:06:46
COMP_0972,GROUP_0170,,EUR,,2025-06-10 11:08:30
COMP_1112,GROUP_0170,,EUR,,2025-06-10 11:10:13
COMP_1283,GROUP_0170,,MXN,,2025-06-10 11:05:58
COMP_0014,GROUP_0173,,CAD,businessCentral,2026-01-21 17:01:11
COMP_0104,GROUP_0173,,NZD,businessCentral,2026-01-21 17:04:35
COMP_0943,GROUP_0173,,EUR,businessCentral,2026-01-21 17:03:37
COMP_1236,GROUP_0157,,EUR,,2023-07-18 16:13:14
COMP_0355,GROUP_0049,,EUR,,2026-03-09 08:20:54
COMP_1228,GROUP_0049,,EUR,,2026-03-09 08:19:54
COMP_0275,GROUP_0060,,USD,netsuite,2025-11-17 10:53:05
COMP_0488,GROUP_0060,,USD,netsuite,2025-11-17 10:53:21
COMP_1018,GROUP_0060,,USD,netsuite,2025-11-17 10:52:52
COMP_0841,GROUP_0005,España,EUR,,2021-11-18 15:53:14
COMP_0611,GROUP_0099,,EUR,businessOne,2024-06-04 11:21:16
COMP_0606,GROUP_0083,,USD,,2026-05-08 15:19:30
COMP_0283,GROUP_0089,DE,EUR,netsuite,2026-01-07 09:41:27
COMP_0680,GROUP_0089,DE,EUR,netsuite,2026-01-09 13:04:46
COMP_0135,GROUP_0050,,EUR,,2024-01-03 08:11:10
COMP_0241,GROUP_0050,,EUR,,2024-01-03 08:11:33
COMP_0938,GROUP_0050,,EUR,,2024-01-03 08:11:55
COMP_0408,GROUP_0076,,EUR,,2026-04-13 13:55:16
COMP_1044,GROUP_0076,,EUR,,2026-04-13 13:53:38
COMP_1159,GROUP_0235,,EUR,businessOne,2025-09-08 08:59:10
COMP_0370,GROUP_0164,,GBP,netsuite,2026-01-22 11:08:22
COMP_1071,GROUP_0164,,GBP,netsuite,2026-01-22 11:08:42
COMP_0357,GROUP_0036,,EUR,businessOne,2023-10-11 07:28:11
COMP_0033,GROUP_0130,FR,EUR,,2025-11-19 15:36:16
COMP_0327,GROUP_0130,NL,EUR,,2025-11-19 15:29:42
COMP_0413,GROUP_0130,IT,EUR,,2025-11-19 15:31:03
COMP_0535,GROUP_0130,NL,EUR,,2025-11-19 15:26:19
COMP_0622,GROUP_0130,BE,EUR,,2025-11-19 15:37:02
COMP_0633,GROUP_0130,BE,EUR,,2025-11-19 15:24:37
COMP_0720,GROUP_0130,NL,EUR,,2025-11-19 15:23:24
COMP_0782,GROUP_0130,NL,EUR,,2025-11-13 12:24:14
COMP_0889,GROUP_0130,NL,EUR,,2025-11-19 15:25:42
COMP_0708,GROUP_0196,,EUR,businessCentral,2026-02-19 16:23:18
COMP_1175,GROUP_0196,,EUR,businessCentral,2026-02-19 16:14:14
COMP_0416,GROUP_0040,ES,EUR,ekon,2025-12-19 13:29:52
COMP_0709,GROUP_0040,ES,EUR,ekon,2025-12-19 13:31:34
COMP_1254,GROUP_0040,GB,GBP,,2025-12-19 13:32:11
COMP_0124,GROUP_0136,,EUR,netsuite,2026-05-26 15:22:27
COMP_0328,GROUP_0136,,EUR,netsuite,2026-05-26 15:21:44
COMP_0060,GROUP_0112,,EUR,businessCentral,2024-06-11 13:43:19
COMP_0080,GROUP_0112,,EUR,,2025-05-19 09:15:57
COMP_0214,GROUP_0112,,EUR,,2025-05-19 09:15:35
COMP_0307,GROUP_0112,,EUR,businessCentral,2024-06-11 13:50:28
COMP_0379,GROUP_0112,Italia,EUR,businessCentral,2024-06-11 13:49:17
COMP_0395,GROUP_0112,Portugal,EUR,businessCentral,2024-06-11 13:55:21
COMP_0410,GROUP_0112,Portugal,EUR,businessCentral,2024-06-11 13:56:39
COMP_0454,GROUP_0112,,EUR,businessCentral,2024-06-11 13:40:47
COMP_0480,GROUP_0112,Portugal,EUR,businessCentral,2024-06-11 13:54:10
COMP_0610,GROUP_0112,ESPAÑA,EUR,businessCentral,2024-06-11 13:29:33
COMP_0674,GROUP_0112,España,EUR,businessCentral,2024-06-11 13:30:48
COMP_0773,GROUP_0112,,EUR,businessCentral,2024-06-11 13:32:07
COMP_0295,GROUP_0039,,EUR,businessCentral,2026-04-10 11:57:37
COMP_0536,GROUP_0039,,EUR,businessCentral,2026-04-10 11:54:53
COMP_0619,GROUP_0039,,EUR,businessCentral,2026-04-10 11:57:04
COMP_0795,GROUP_0039,,EUR,businessCentral,2026-04-10 11:56:26
COMP_0964,GROUP_0039,,EUR,businessCentral,2026-04-10 11:55:34
COMP_0373,GROUP_0192,,CHF,,2025-09-29 11:06:01
COMP_0516,GROUP_0192,,EUR,,2025-09-29 11:01:52
COMP_0528,GROUP_0192,,CHF,,2025-09-29 11:03:56
COMP_0998,GROUP_0192,,EUR,,2025-09-29 11:01:00
COMP_0095,GROUP_0240,,EUR,sageX3,2025-10-21 07:04:38
COMP_0434,GROUP_0134,,EUR,,2025-02-17 08:10:36
COMP_0503,GROUP_0134,,EUR,,2025-02-17 08:05:57
COMP_0086,GROUP_0168,,EUR,,2026-06-17 16:19:41
COMP_1215,GROUP_0168,,EUR,,2026-06-17 16:22:10
COMP_0881,GROUP_0071,,EUR,,2025-04-30 13:19:32
COMP_0120,GROUP_0210,DE,EUR,netsuite,2026-06-19 15:25:26
COMP_0790,GROUP_0210,DE,EUR,netsuite,2026-06-24 15:10:08
COMP_0045,GROUP_0242,,EUR,,2026-03-12 07:53:41
COMP_0785,GROUP_0140,,EUR,,2024-06-18 10:03:54
COMP_1128,GROUP_0085,,EUR,,2024-10-25 07:10:50
COMP_0232,GROUP_0038,,EUR,sageX3,2025-06-05 16:08:15
COMP_0650,GROUP_0038,,EUR,sageX3,2025-06-05 16:08:55
COMP_0989,GROUP_0038,,EUR,sageX3,2025-06-05 16:04:57
COMP_0069,GROUP_0175,,DKK,netsuite,2025-09-23 12:29:28
COMP_0205,GROUP_0175,,USD,netsuite,2025-09-23 12:31:00
COMP_0311,GROUP_0175,,EUR,netsuite,2025-09-23 12:30:34
COMP_0489,GROUP_0175,,DKK,netsuite,2025-09-23 12:27:09
COMP_0660,GROUP_0175,,DKK,netsuite,2025-09-23 12:28:55
COMP_0771,GROUP_0175,,EUR,netsuite,2025-09-23 08:01:56
COMP_0024,GROUP_0222,,EUR,businessCentral,2025-01-16 09:08:10
COMP_0037,GROUP_0222,,EUR,businessCentral,2025-01-16 09:11:57
COMP_0112,GROUP_0222,,EUR,businessCentral,2025-01-16 09:06:17
COMP_0392,GROUP_0222,,EUR,businessCentral,2025-01-16 09:10:16
COMP_0455,GROUP_0222,,EUR,businessCentral,2025-01-16 09:09:02
COMP_0590,GROUP_0222,,EUR,businessCentral,2025-12-12 09:38:47
COMP_0631,GROUP_0222,,EUR,businessCentral,2025-01-16 09:08:22
COMP_0652,GROUP_0222,,EUR,businessCentral,2025-01-16 09:08:33
COMP_0657,GROUP_0222,,EUR,businessCentral,2025-01-16 09:06:57
COMP_0661,GROUP_0222,,EUR,businessCentral,2025-01-16 09:10:04
COMP_0725,GROUP_0222,,EUR,businessCentral,2025-01-16 09:11:20
COMP_0746,GROUP_0222,,EUR,businessCentral,2025-01-16 09:09:38
COMP_0845,GROUP_0222,,EUR,businessCentral,2025-01-16 09:07:32
COMP_0884,GROUP_0222,,EUR,businessCentral,2025-01-16 09:07:44
COMP_0999,GROUP_0222,,EUR,businessCentral,2025-01-16 09:11:32
COMP_1052,GROUP_0222,,EUR,businessCentral,2025-01-16 09:07:58
COMP_1063,GROUP_0222,,EUR,businessCentral,2025-01-16 09:09:25
COMP_1136,GROUP_0222,,EUR,businessCentral,2025-01-16 09:10:54
COMP_1158,GROUP_0222,,EUR,businessCentral,2025-01-16 09:12:40
COMP_1196,GROUP_0222,,EUR,businessCentral,2025-01-16 09:09:13
COMP_1257,GROUP_0222,,EUR,businessCentral,2025-01-16 09:12:26
COMP_1278,GROUP_0222,,EUR,businessCentral,2025-01-16 09:03:28
COMP_1203,GROUP_0216,,GBP,,2026-06-12 13:07:22
COMP_0196,GROUP_0199,,EUR,,2025-09-10 14:29:48
COMP_0212,GROUP_0199,,SEK,,2025-09-10 14:31:10
COMP_0276,GROUP_0199,,AOA,,2025-09-10 14:50:07
COMP_0292,GROUP_0199,,GHS,,2025-09-10 14:47:14
COMP_0296,GROUP_0199,ES,EUR,,2025-09-10 14:24:15
COMP_0437,GROUP_0199,ES,EUR,,2025-09-10 10:38:29
COMP_0445,GROUP_0199,,GBP,,2025-09-10 14:45:12
COMP_0761,GROUP_0199,,CHF,,2025-09-10 14:29:22
COMP_0860,GROUP_0199,,XOF,,2025-09-10 14:28:57
COMP_0900,GROUP_0199,,AOA,,2025-09-10 14:49:02
COMP_1083,GROUP_0199,PL,PLN,,2025-09-10 14:30:22
COMP_0285,GROUP_0205,,EUR,,2023-11-08 15:12:05
COMP_0737,GROUP_0205,,EUR,,2023-11-08 15:11:49
COMP_1109,GROUP_0205,,EUR,,2023-11-08 15:11:31
COMP_0002,GROUP_0125,Portugal,EUR,,2024-05-30 15:14:10
COMP_1096,GROUP_0125,Spain,EUR,,2024-05-30 15:16:57
COMP_1099,GROUP_0125,Portugal,EUR,,2024-05-30 15:15:23
COMP_0025,GROUP_0211,,USD,netsuite,2024-12-13 11:07:00
COMP_0189,GROUP_0211,,GBP,netsuite,2024-12-13 11:05:53
COMP_0262,GROUP_0211,,USD,netsuite,2024-12-13 11:07:23
COMP_0336,GROUP_0211,,GBP,netsuite,2024-12-13 11:05:44
COMP_0344,GROUP_0211,,GBP,netsuite,2024-12-13 11:06:02
COMP_0482,GROUP_0211,,EUR,netsuite,2024-12-13 11:08:22
COMP_0621,GROUP_0211,,USD,netsuite,2024-12-13 11:07:13
COMP_0701,GROUP_0211,,EUR,netsuite,2025-05-25 18:47:06
COMP_0754,GROUP_0211,,EUR,,2025-07-11 13:31:42
COMP_0775,GROUP_0211,,EUR,netsuite,2025-05-25 18:43:41
COMP_0851,GROUP_0211,,USD,netsuite,2025-10-27 18:16:51
COMP_0990,GROUP_0211,,USD,netsuite,2025-10-27 18:21:35
COMP_1067,GROUP_0211,,AUD,netsuite,2025-06-07 13:08:47
COMP_1184,GROUP_0211,,EUR,netsuite,2024-12-13 11:06:31
COMP_1201,GROUP_0211,,AUD,,2024-12-13 11:09:15
COMP_1259,GROUP_0151,,EUR,,2023-07-31 11:12:15
COMP_0017,GROUP_0073,,EUR,businessCentral,2025-04-15 10:40:31
COMP_0353,GROUP_0073,,EUR,businessCentral,2025-11-11 14:20:58
COMP_0521,GROUP_0073,,USD,businessCentral,2025-04-15 10:38:08
COMP_1000,GROUP_0105,,EUR,,2026-02-17 16:22:43
COMP_1186,GROUP_0135,,PLN,fo,2025-09-08 09:09:51
COMP_0012,GROUP_0087,,EUR,,2025-10-06 14:29:08
COMP_0217,GROUP_0087,NL,EUR,,2025-10-06 14:08:55
COMP_0260,GROUP_0087,NL,EUR,,2025-10-06 14:28:07
COMP_0299,GROUP_0087,NL,EUR,,2025-10-06 14:03:05
COMP_0401,GROUP_0087,,EUR,,2025-11-14 07:48:51
COMP_0656,GROUP_0087,,EUR,,2025-10-06 14:28:47
COMP_1055,GROUP_0087,,EUR,,2025-10-06 14:30:04
COMP_1102,GROUP_0087,NL,EUR,,2025-10-06 14:40:37
COMP_1266,GROUP_0087,,CZK,,2025-10-06 14:47:02
COMP_0259,GROUP_0198,España,EUR,navision,2023-04-24 13:14:58
COMP_0264,GROUP_0066,,EUR,,2024-04-12 10:05:14
COMP_0522,GROUP_0066,,EUR,businessCentral,2024-04-12 10:04:10
COMP_1248,GROUP_0066,,EUR,,2025-04-10 14:16:06
COMP_0015,GROUP_0068,,EUR,businessCentral,2025-04-24 11:29:51
COMP_0382,GROUP_0068,,EUR,businessCentral,2025-04-24 11:27:54
COMP_0667,GROUP_0068,,EUR,businessCentral,2025-04-23 16:18:26
COMP_0719,GROUP_0068,,EUR,businessCentral,2025-04-24 11:28:12
COMP_0053,GROUP_0174,,EUR,dynamicsAx,2026-04-24 11:29:56
COMP_0064,GROUP_0174,,EUR,dynamicsAx,2026-04-24 11:28:49
COMP_0608,GROUP_0174,,EUR,dynamicsAx,2026-04-24 11:29:07
COMP_0691,GROUP_0010,,EUR,datev,2026-07-16 06:51:09
COMP_0475,GROUP_0015,,EUR,,2023-12-26 11:05:06
COMP_0545,GROUP_0015,,EUR,sage50,2023-11-06 08:28:40
COMP_0808,GROUP_0015,ES,EUR,sage200,2023-11-06 08:28:27
COMP_1210,GROUP_0015,,EUR,sage200,2023-11-06 08:28:50
COMP_0840,GROUP_0248,España,EUR,,2021-11-18 10:07:12
COMP_0419,GROUP_0152,,GBP,,2025-12-04 16:12:12
COMP_0933,GROUP_0152,,GBP,,2025-12-04 16:10:07
COMP_0971,GROUP_0152,,GBP,,2025-12-04 16:12:28
COMP_1056,GROUP_0152,,GBP,,2025-12-04 16:12:52
COMP_0300,GROUP_0144,,EUR,businessCentral,2026-02-12 09:39:52
COMP_0372,GROUP_0144,,EUR,businessCentral,2026-02-12 09:40:09
COMP_1217,GROUP_0144,,EUR,businessCentral,2026-02-12 09:39:17
COMP_0032,GROUP_0094,,EUR,netsuite,2024-11-07 09:57:25
COMP_0107,GROUP_0094,,PEN,netsuite,2024-11-07 16:31:50
COMP_0163,GROUP_0094,,MXN,netsuite,2024-11-07 10:01:49
COMP_0268,GROUP_0094,,GBP,netsuite,2024-11-07 09:58:55
COMP_0306,GROUP_0094,,COP,netsuite,2024-11-07 10:02:26
COMP_0313,GROUP_0094,,EUR,netsuite,2024-11-07 09:51:05
COMP_0384,GROUP_0094,,EUR,netsuite,2024-11-07 09:58:22
COMP_0404,GROUP_0094,,USD,netsuite,2024-11-07 09:59:37
COMP_0569,GROUP_0094,,EUR,netsuite,2024-11-07 09:55:06
COMP_0759,GROUP_0094,,USD,netsuite,2024-11-07 10:06:56
COMP_0966,GROUP_0094,,BRL,netsuite,2024-11-07 10:00:39
COMP_1105,GROUP_0094,,CLP,netsuite,2024-11-07 10:03:47
COMP_1192,GROUP_0094,,COP,netsuite,2024-11-07 10:03:03
COMP_0054,GROUP_0217,,EUR,businessCentral,2025-04-04 07:56:59
COMP_0081,GROUP_0217,,EUR,businessCentral,2025-04-04 10:25:18
COMP_0096,GROUP_0217,,EUR,businessCentral,2025-04-04 08:00:37
COMP_0137,GROUP_0217,,EUR,businessCentral,2025-04-04 08:01:17
COMP_0139,GROUP_0217,,EUR,businessCentral,2025-04-04 07:56:24
COMP_0142,GROUP_0217,,EUR,businessCentral,2025-04-04 08:07:14
COMP_0294,GROUP_0217,,EUR,businessCentral,2025-04-04 07:58:25
COMP_0333,GROUP_0217,,EUR,businessCentral,2025-04-04 08:08:08
COMP_0414,GROUP_0217,,EUR,businessCentral,2025-04-04 08:06:32
COMP_0441,GROUP_0217,,EUR,businessCentral,2025-04-04 07:55:38
COMP_0506,GROUP_0217,,EUR,businessCentral,2025-04-04 08:04:34
COMP_0512,GROUP_0217,,EUR,businessCentral,2025-04-04 08:03:58
COMP_0548,GROUP_0217,,EUR,businessCentral,2025-04-04 07:57:36
COMP_0553,GROUP_0217,,EUR,businessCentral,2025-04-04 07:59:10
COMP_0645,GROUP_0217,,EUR,businessCentral,2025-04-04 08:03:17
COMP_0902,GROUP_0217,,EUR,businessCentral,2025-04-04 08:05:53
COMP_0917,GROUP_0217,,EUR,businessCentral,2025-04-04 08:02:41
COMP_0926,GROUP_0217,,EUR,businessCentral,2025-04-04 07:59:54
COMP_0940,GROUP_0217,,EUR,businessCentral,2025-04-04 07:55:09
COMP_1197,GROUP_0217,ES,EUR,businessCentral,2025-04-04 07:26:41
COMP_1247,GROUP_0217,,EUR,businessCentral,2025-04-04 08:01:59
COMP_1251,GROUP_0217,,EUR,businessCentral,2025-04-04 10:25:52
COMP_0359,GROUP_0110,,EUR,netsuite,2022-12-29 10:43:25
COMP_0158,GROUP_0001,,USD,,2026-03-19 13:54:07
COMP_0853,GROUP_0001,,JPY,,2026-03-19 13:59:22
COMP_0939,GROUP_0001,,GBP,,2026-03-19 13:53:31
COMP_0108,GROUP_0179,,EUR,,2025-10-29 10:14:26
COMP_0182,GROUP_0179,,EUR,,2025-10-29 10:08:06
COMP_0199,GROUP_0179,,EUR,,2025-10-29 10:16:03
COMP_0252,GROUP_0179,,EUR,,2025-10-29 10:14:39
COMP_0777,GROUP_0179,,USD,,2025-10-29 10:16:39
COMP_0918,GROUP_0179,,EUR,,2025-10-29 10:08:51
COMP_1187,GROUP_0179,,GBP,,2025-10-29 10:14:52
COMP_1004,GROUP_0109,,USD,netsuite,2024-06-21 12:06:18
COMP_0085,GROUP_0155,PT,EUR,etendo,2023-01-13 09:56:14
COMP_0267,GROUP_0155,ES,EUR,etendo,2023-01-13 09:54:18
COMP_0273,GROUP_0155,,EUR,etendo,2023-01-13 09:54:58
COMP_0397,GROUP_0155,DE,EUR,etendo,2023-01-13 09:56:20
COMP_0712,GROUP_0155,,EUR,etendo,2023-01-13 09:55:03
COMP_0811,GROUP_0155,FR,EUR,etendo,2023-01-13 09:55:33
COMP_0813,GROUP_0155,,EUR,etendo,2023-01-13 09:54:12
COMP_1011,GROUP_0155,,EUR,etendo,2024-08-29 08:47:43
COMP_1069,GROUP_0155,,EUR,etendo,2023-01-13 09:54:50
COMP_1138,GROUP_0155,NL,EUR,etendo,2024-08-29 08:52:16
COMP_1264,GROUP_0155,FR,EUR,etendo,2023-01-13 09:55:28
COMP_0156,GROUP_0187,,EUR,,2026-06-03 10:39:51
COMP_0282,GROUP_0187,,EUR,,2024-02-13 08:33:24
COMP_0367,GROUP_0187,,EUR,,2024-02-13 08:33:49
COMP_0388,GROUP_0187,,EUR,,2024-02-13 08:33:30
COMP_0539,GROUP_0187,,EUR,,2024-02-13 08:33:56
COMP_0739,GROUP_0187,,EUR,,2024-02-13 08:33:36
COMP_1031,GROUP_0187,,EUR,,2026-05-15 08:02:23
COMP_1119,GROUP_0187,,EUR,,2024-02-13 08:33:42
COMP_0305,GROUP_0184,ES,EUR,,2025-12-29 09:17:10
COMP_0319,GROUP_0184,,EUR,,2026-03-11 15:23:57
COMP_0534,GROUP_0184,ES,EUR,businessCentral,2025-12-29 09:16:26
COMP_0551,GROUP_0184,,EUR,,2026-03-11 15:23:37
COMP_0554,GROUP_0184,,EUR,,2026-03-11 15:24:11
COMP_0672,GROUP_0184,ES,EUR,businessCentral,2025-12-29 09:14:41
COMP_0736,GROUP_0184,ES,EUR,,2025-12-29 09:17:49
COMP_0934,GROUP_0184,ES,EUR,,2025-12-29 09:17:32
COMP_1176,GROUP_0184,ES,EUR,businessCentral,2025-12-29 09:15:51
COMP_0977,GROUP_0080,,EUR,netsuite,2026-01-23 12:29:49
COMP_0011,GROUP_0234,,EUR,businessOne,2025-10-20 09:21:17
COMP_0056,GROUP_0234,,EUR,businessOne,2025-10-20 09:18:46
COMP_0224,GROUP_0234,,EUR,,2025-11-04 14:38:31
COMP_0378,GROUP_0234,,EUR,businessOne,2025-10-28 17:01:07
COMP_1088,GROUP_0234,,EUR,,2025-11-04 14:36:23
COMP_1231,GROUP_0234,,EUR,,2025-11-04 14:37:16
COMP_1263,GROUP_0091,,EUR,,2024-11-27 17:04:24
COMP_0035,GROUP_0115,,EUR,,2022-11-14 14:21:28
COMP_0066,GROUP_0115,,EUR,,2022-11-14 14:21:56
COMP_0075,GROUP_0115,,EUR,,2022-08-18 10:50:20
COMP_0153,GROUP_0115,,EUR,,2022-11-14 14:22:01
COMP_0399,GROUP_0115,,EUR,,2022-11-14 14:21:16
COMP_0627,GROUP_0115,,EUR,,2022-11-14 14:21:22
COMP_0639,GROUP_0115,,EUR,,2022-11-14 14:20:31
COMP_0703,GROUP_0115,,EUR,,2022-11-14 14:21:45
COMP_0789,GROUP_0115,,EUR,,2022-11-14 14:21:06
COMP_0818,GROUP_0115,,EUR,,2022-11-14 14:21:51
COMP_0823,GROUP_0115,,EUR,,2022-11-14 14:20:59
COMP_1202,GROUP_0115,,EUR,,2022-11-14 14:21:34
COMP_0013,GROUP_0203,,EUR,netsuite,2026-02-19 15:45:36
COMP_0079,GROUP_0203,,EUR,netsuite,2026-02-19 15:44:51
COMP_0286,GROUP_0203,,EUR,netsuite,2026-04-28 15:16:25
COMP_0673,GROUP_0203,,EUR,netsuite,2026-02-19 15:44:19
COMP_0996,GROUP_0203,,EUR,netsuite,2026-02-19 15:44:01
COMP_0630,GROUP_0247,,EUR,,2026-02-13 09:45:21
COMP_0071,GROUP_0102,,EUR,,2025-01-20 10:47:19
COMP_0159,GROUP_0102,,EUR,businessCentral,2025-01-20 10:42:23
COMP_0431,GROUP_0102,,EUR,,2025-01-20 10:46:45
COMP_0866,GROUP_0102,,EUR,businessCentral,2025-01-20 10:44:35
COMP_0084,GROUP_0138,,EUR,dynamicsAx,2026-04-08 10:34:25
COMP_0118,GROUP_0138,,EUR,dynamicsAx,2026-04-08 10:35:10
COMP_0221,GROUP_0138,,EUR,dynamicsAx,2026-04-08 10:32:20
COMP_0271,GROUP_0138,,EUR,dynamicsAx,2026-04-08 10:25:22
COMP_0324,GROUP_0138,,EUR,dynamicsAx,2026-04-08 10:29:03
COMP_0348,GROUP_0138,,EUR,dynamicsAx,2026-04-08 10:35:23
COMP_0360,GROUP_0138,,EUR,dynamicsAx,2026-04-08 10:29:19
COMP_0468,GROUP_0138,,EUR,dynamicsAx,2026-04-08 10:31:48
COMP_0484,GROUP_0138,,EUR,dynamicsAx,2026-04-08 10:32:35
COMP_0490,GROUP_0138,,EUR,dynamicsAx,2026-04-08 10:34:10
COMP_0501,GROUP_0138,,EUR,dynamicsAx,2026-04-08 10:33:24
COMP_0589,GROUP_0138,,EUR,dynamicsAx,2026-04-08 10:29:52
COMP_0677,GROUP_0138,,EUR,dynamicsAx,2026-04-08 10:34:39
COMP_0718,GROUP_0138,,EUR,dynamicsAx,2026-04-08 10:33:56
COMP_1010,GROUP_0138,,EUR,dynamicsAx,2026-04-08 10:32:04
COMP_1060,GROUP_0138,,EUR,dynamicsAx,2026-04-08 10:29:36
COMP_1200,GROUP_0138,,EUR,dynamicsAx,2026-04-08 10:34:56
COMP_1246,GROUP_0138,,EUR,dynamicsAx,2026-04-08 10:30:06
COMP_0140,GROUP_0072,,EUR,businessCentral,2025-07-21 17:25:00
COMP_0642,GROUP_0072,,EUR,businessCentral,2025-07-21 17:25:21
COMP_0061,GROUP_0022,,EUR,,2025-11-17 11:28:56
COMP_0106,GROUP_0022,,EUR,netsuite,2024-07-29 14:28:46
COMP_0279,GROUP_0022,,EUR,netsuite,2024-07-29 14:28:21
COMP_0337,GROUP_0022,,EUR,netsuite,2024-07-29 14:28:30
COMP_0634,GROUP_0022,,EUR,,2025-11-17 11:27:37
COMP_0640,GROUP_0022,,EUR,netsuite,2024-07-29 14:28:14
COMP_0732,GROUP_0022,,EUR,netsuite,2024-07-29 14:28:39
COMP_0764,GROUP_0022,,EUR,netsuite,2024-07-29 14:27:46
COMP_0907,GROUP_0022,,EUR,netsuite,2024-07-29 14:27:27
COMP_0908,GROUP_0022,,EUR,netsuite,2024-07-29 10:43:02
COMP_1075,GROUP_0022,,EUR,,2025-11-17 11:28:27
COMP_1182,GROUP_0022,ES,EUR,netsuite,2024-07-29 14:27:10
COMP_1245,GROUP_0022,,EUR,netsuite,2024-07-29 14:28:07
COMP_0403,GROUP_0201,ES,EUR,businessCentral,2025-10-13 09:48:33
COMP_0005,GROUP_0092,,EUR,,2026-07-02 14:59:39
COMP_0227,GROUP_0092,,EUR,,2026-07-02 14:58:54
COMP_0417,GROUP_0092,,EUR,,2026-07-02 15:00:00
COMP_0505,GROUP_0092,,EUR,,2026-07-02 14:56:52
COMP_1047,GROUP_0092,,EUR,,2026-07-02 14:58:30
COMP_1145,GROUP_0092,,EUR,,2026-07-02 14:59:17
COMP_0055,GROUP_0131,,EUR,r3,2025-11-06 09:04:51
COMP_0402,GROUP_0131,,EUR,,2025-07-22 20:42:00
COMP_0456,GROUP_0131,,EUR,,2025-07-22 20:42:16
COMP_0478,GROUP_0131,,EUR,,2025-07-22 20:42:51
COMP_0704,GROUP_0131,,EUR,,2025-07-22 20:44:09
COMP_0854,GROUP_0131,,EUR,sapByd,2023-10-25 10:12:04
COMP_0928,GROUP_0131,,EUR,,2025-07-22 20:41:42
COMP_1059,GROUP_0131,,EUR,,2025-07-22 20:42:29
COMP_1076,GROUP_0131,,EUR,,2025-07-22 20:43:34
COMP_0216,GROUP_0067,,EUR,,2025-10-02 15:08:39
COMP_0407,GROUP_0067,,EUR,,2025-10-02 15:05:33
COMP_0705,GROUP_0067,,EUR,,2025-10-02 15:02:25
COMP_0929,GROUP_0067,,EUR,,2025-10-02 15:11:09
COMP_1048,GROUP_0067,,EUR,,2025-10-02 15:10:42
COMP_1275,GROUP_0067,,EUR,,2025-10-02 15:11:37
COMP_0206,GROUP_0239,,EUR,,2026-03-11 15:55:38
COMP_0303,GROUP_0239,,EUR,,2026-03-11 15:55:08
COMP_0603,GROUP_0239,,EUR,,2026-03-11 15:55:21
COMP_0683,GROUP_0239,,EUR,,2026-03-11 15:43:09
COMP_1179,GROUP_0239,,EUR,,2026-03-11 15:55:50
COMP_0168,GROUP_0061,Malaysia,MYR,netsuite,2025-09-15 08:58:49
COMP_1040,GROUP_0056,ES,EUR,sage200,2025-11-05 10:25:06
COMP_1064,GROUP_0056,,EUR,sage200,2025-04-08 11:22:09
COMP_1106,GROUP_0056,,EUR,sage200,2025-04-28 10:28:28
COMP_1258,GROUP_0056,ES,EUR,sage200,2025-11-05 10:24:28
COMP_0183,GROUP_0232,,EUR,sageX3,2025-11-20 11:04:52
COMP_0477,GROUP_0232,,USD,sageX3,2025-11-20 11:07:16
COMP_0102,GROUP_0158,,EUR,,2023-05-02 09:28:46
COMP_0121,GROUP_0158,,EUR,,2023-05-02 09:29:24
COMP_0188,GROUP_0158,,EUR,,2023-05-02 08:23:28
COMP_0254,GROUP_0158,,EUR,,2023-05-02 09:29:37
COMP_0310,GROUP_0158,,EUR,,2023-05-02 11:42:07
COMP_0411,GROUP_0158,,EUR,,2023-05-02 09:25:45
COMP_0442,GROUP_0158,,EUR,,2023-05-30 08:46:37
COMP_0448,GROUP_0158,,EUR,,2023-05-30 11:02:03
COMP_0451,GROUP_0158,,EUR,,2023-05-30 08:49:13
COMP_0613,GROUP_0158,,EUR,,2023-05-02 09:27:16
COMP_0699,GROUP_0158,,EUR,,2023-05-31 05:35:20
COMP_0776,GROUP_0158,,EUR,,2023-05-02 09:28:38
COMP_0816,GROUP_0158,,EUR,,2023-05-02 09:26:48
COMP_0820,GROUP_0158,,EUR,,2023-05-02 09:29:51
COMP_0833,GROUP_0158,,EUR,,2023-05-31 05:35:51
COMP_0885,GROUP_0158,,EUR,,2023-05-02 09:26:13
COMP_0941,GROUP_0158,,EUR,,2023-05-02 09:27:32
COMP_0947,GROUP_0158,,EUR,,2023-05-02 09:27:43
COMP_0969,GROUP_0158,,EUR,,2023-05-02 09:27:03
COMP_1160,GROUP_0158,,EUR,,2023-05-02 09:28:59
COMP_1213,GROUP_0158,,EUR,,2023-05-02 09:27:24
COMP_0098,GROUP_0132,,EUR,netsuite,2024-03-15 09:24:50
COMP_0149,GROUP_0132,,ARS,netsuite,2024-03-15 09:26:56
COMP_0191,GROUP_0132,,GBP,netsuite,2024-03-15 09:24:56
COMP_0219,GROUP_0132,,BRL,netsuite,2024-03-15 09:26:24
COMP_0486,GROUP_0132,,CLP,netsuite,2024-03-15 09:26:44
COMP_0573,GROUP_0132,,INR,netsuite,2024-03-15 09:26:12
COMP_0579,GROUP_0132,,GBP,netsuite,2024-03-15 09:25:06
COMP_0629,GROUP_0132,,COP,netsuite,2024-03-15 09:26:38
COMP_0637,GROUP_0132,,EUR,netsuite,2024-03-15 09:24:21
COMP_0641,GROUP_0132,,EUR,netsuite,2024-03-15 09:26:50
COMP_0658,GROUP_0132,,AED,netsuite,2024-03-15 09:26:05
COMP_0697,GROUP_0132,,EUR,netsuite,2024-03-15 09:24:37
COMP_0862,GROUP_0132,,EUR,netsuite,2024-03-15 09:24:44
COMP_1003,GROUP_0132,,MXN,netsuite,2024-03-15 09:26:30
COMP_1014,GROUP_0132,,AUD,,2025-02-28 09:19:45
COMP_1015,GROUP_0132,,USD,,2024-09-12 09:07:05
COMP_1122,GROUP_0132,,EUR,netsuite,2024-06-11 16:26:24
COMP_1207,GROUP_0132,,EUR,netsuite,2024-03-15 09:24:30
COMP_0043,GROUP_0185,,EUR,businessCentral,2026-02-27 09:49:47
COMP_0129,GROUP_0185,,EUR,businessCentral,2026-02-27 09:28:40
COMP_0177,GROUP_0185,,EUR,businessCentral,2026-02-27 09:10:43
COMP_0473,GROUP_0185,,EUR,businessCentral,2026-02-27 09:41:54
COMP_0497,GROUP_0185,,EUR,businessCentral,2026-02-27 10:20:35
COMP_0591,GROUP_0185,,EUR,businessCentral,2026-02-27 10:41:29
COMP_0592,GROUP_0185,,EUR,businessCentral,2026-02-27 10:22:25
COMP_0874,GROUP_0185,,EUR,businessCentral,2026-02-27 10:49:14
COMP_0912,GROUP_0185,,EUR,businessCentral,2026-02-27 10:31:13
COMP_0992,GROUP_0185,,EUR,businessCentral,2026-02-27 10:06:12
COMP_1002,GROUP_0185,,EUR,businessCentral,2026-02-27 10:16:40
COMP_0210,GROUP_0117,,EUR,,2025-10-06 08:19:13
COMP_0347,GROUP_0117,,EUR,,2025-10-06 08:19:53
COMP_0515,GROUP_0117,,EUR,,2025-10-06 08:17:38
COMP_0584,GROUP_0117,,EUR,,2025-10-06 08:20:15
COMP_0802,GROUP_0117,,EUR,,2025-10-06 08:18:29
COMP_0997,GROUP_0117,,EUR,,2025-10-06 08:19:31
COMP_0027,GROUP_0241,,EUR,businessCentral,2026-05-08 13:36:32
COMP_0044,GROUP_0241,,EUR,businessCentral,2026-05-08 13:37:47
COMP_0048,GROUP_0241,,EUR,businessCentral,2026-05-08 13:38:55
COMP_0499,GROUP_0241,,EUR,businessCentral,2026-05-08 13:39:17
COMP_0688,GROUP_0241,,EUR,businessCentral,2026-05-08 13:43:04
COMP_0698,GROUP_0241,,EUR,businessCentral,2026-05-08 13:42:49
COMP_1273,GROUP_0241,,EUR,businessCentral,2026-05-08 13:42:13
COMP_0748,GROUP_0074,,EUR,,2024-06-24 10:34:41
COMP_0496,GROUP_0137,,EUR,netsuite,2024-11-11 10:27:36
COMP_0960,GROUP_0137,,EUR,netsuite,2024-11-11 10:28:11
COMP_1085,GROUP_0137,,AUD,netsuite,2024-11-11 10:30:42
COMP_1222,GROUP_0137,,MXN,netsuite,2024-11-11 10:30:12
COMP_0335,GROUP_0214,,EUR,,2025-11-14 09:08:19
COMP_0427,GROUP_0214,,EUR,navision,2023-05-18 11:17:57
COMP_0531,GROUP_0214,,EUR,navision,2023-05-18 11:18:05
COMP_0031,GROUP_0035,ES,EUR,businessCentral,2025-12-26 13:05:31
COMP_0138,GROUP_0035,ES,EUR,businessCentral,2024-03-06 08:44:20
COMP_0165,GROUP_0035,ES,EUR,businessCentral,2024-03-06 08:44:30
COMP_0194,GROUP_0035,,EUR,businessCentral,2024-03-06 08:44:11
COMP_0197,GROUP_0035,ES,EUR,businessCentral,2024-03-06 08:45:00
COMP_0405,GROUP_0035,ES,EUR,businessCentral,2024-03-06 08:44:43
COMP_0659,GROUP_0035,ES,EUR,businessCentral,2024-03-06 08:44:34
COMP_0685,GROUP_0035,ES,EUR,businessCentral,2024-03-06 08:44:25
COMP_0707,GROUP_0035,ES,EUR,businessCentral,2024-03-06 08:44:52
COMP_0794,GROUP_0035,ES,EUR,businessCentral,2024-03-06 08:45:09
COMP_0955,GROUP_0035,ES,EUR,businessCentral,2024-03-06 08:44:56
COMP_0987,GROUP_0035,,EUR,businessCentral,2024-03-06 08:44:16
COMP_1134,GROUP_0035,ES,EUR,businessCentral,2024-03-06 08:45:04
COMP_1279,GROUP_0035,ES,EUR,businessCentral,2024-03-06 08:44:01
COMP_0101,GROUP_0108,ES,EUR,businessCentral,2024-12-09 16:35:59
COMP_0231,GROUP_0108,,EUR,businessCentral,2024-12-09 16:41:16
COMP_0242,GROUP_0108,ES,EUR,businessCentral,2026-06-18 13:59:08
COMP_0322,GROUP_0108,,EUR,businessCentral,2024-12-09 16:40:28
COMP_0527,GROUP_0108,ES,EUR,businessCentral,2025-07-08 13:33:24
COMP_0587,GROUP_0108,,EUR,businessCentral,2024-12-09 16:43:20
COMP_0638,GROUP_0108,,EUR,businessCentral,2024-12-09 16:40:51
COMP_0692,GROUP_0108,,GBP,businessCentral,2024-12-09 16:42:51
COMP_0779,GROUP_0108,,EUR,businessCentral,2024-12-09 16:44:12
COMP_0879,GROUP_0108,,EUR,businessCentral,2024-12-09 16:42:17
COMP_0913,GROUP_0108,ES,EUR,businessCentral,2024-12-09 16:39:31
COMP_0927,GROUP_0108,,EUR,businessCentral,2024-12-09 16:39:03
COMP_1013,GROUP_0108,ES,EUR,businessCentral,2024-12-09 16:40:02
COMP_1017,GROUP_0108,ES,EUR,businessCentral,2025-07-08 13:25:34
COMP_1030,GROUP_0108,ES,EUR,businessCentral,2025-07-08 13:24:14
COMP_1081,GROUP_0108,ES,EUR,businessCentral,2024-12-09 16:37:41
COMP_1089,GROUP_0108,,USD,businessCentral,2024-12-09 16:43:47
COMP_1127,GROUP_0108,,EUR,businessCentral,2024-12-09 16:38:08
COMP_1165,GROUP_0108,ES,EUR,businessCentral,2024-12-09 16:38:30
COMP_0235,GROUP_0028,,EUR,,2025-10-27 15:47:42
COMP_0544,GROUP_0208,,EUR,,2025-01-21 10:06:13
COMP_1233,GROUP_0208,,EUR,,2025-01-21 10:07:14
COMP_0094,GROUP_0021,,EUR,a3,2023-11-08 10:02:54
COMP_0871,GROUP_0021,,EUR,a3,2023-11-08 10:02:49
COMP_0925,GROUP_0021,,EUR,,2023-11-16 09:53:05
COMP_0052,GROUP_0142,,EUR,,2024-09-10 18:40:39
COMP_0068,GROUP_0142,,EUR,,2024-09-10 18:42:08
COMP_0136,GROUP_0142,,EUR,,2024-09-10 18:47:19
COMP_0186,GROUP_0142,,EUR,,2024-09-10 18:42:27
COMP_0289,GROUP_0142,,EUR,,2024-09-10 18:41:49
COMP_0362,GROUP_0142,,EUR,,2024-09-10 18:42:51
COMP_0400,GROUP_0142,,EUR,,2024-09-10 18:43:11
COMP_0494,GROUP_0142,,EUR,,2024-09-10 18:44:26
COMP_0513,GROUP_0142,,EUR,,2024-09-10 18:48:32
COMP_0751,GROUP_0142,,EUR,,2024-09-10 18:48:55
COMP_0863,GROUP_0142,,EUR,,2024-11-19 09:12:28
COMP_0870,GROUP_0142,,EUR,,2024-09-10 18:41:03
COMP_0888,GROUP_0142,,EUR,,2024-09-10 18:41:28
COMP_0892,GROUP_0142,,EUR,,2024-09-10 18:47:30
COMP_0967,GROUP_0142,,EUR,,2024-09-10 18:48:47
COMP_0978,GROUP_0142,,EUR,,2024-09-10 18:40:15
COMP_1033,GROUP_0142,,EUR,,2024-09-10 18:44:45
COMP_1073,GROUP_0142,,EUR,,2024-09-10 18:39:24
COMP_1082,GROUP_0142,,EUR,,2024-09-10 18:40:52
COMP_1219,GROUP_0142,,EUR,,2024-09-10 18:43:00
COMP_1234,GROUP_0142,,EUR,,2024-09-10 18:43:22
COMP_1238,GROUP_0142,,EUR,,2024-09-10 18:47:41
COMP_1086,GROUP_0193,,EUR,,2023-10-24 08:39:51
COMP_0586,GROUP_0047,,EUR,businessCentral,2026-01-28 08:59:05
COMP_0742,GROUP_0047,,EUR,businessCentral,2026-01-28 08:59:39
COMP_1043,GROUP_0047,,EUR,businessCentral,2026-01-28 08:56:31
COMP_1050,GROUP_0047,,EUR,businessCentral,2026-03-30 14:08:56
COMP_1161,GROUP_0047,,EUR,businessCentral,2026-03-30 14:08:10
COMP_0193,GROUP_0224,,EUR,sage200,2025-09-02 15:50:03
COMP_0200,GROUP_0224,,EUR,sage200,2025-09-02 15:49:16
COMP_0394,GROUP_0224,,EUR,sage200,2025-09-02 15:50:36
COMP_0003,GROUP_0044,,EUR,businessCentral,2026-06-19 11:55:34
COMP_0114,GROUP_0044,,EUR,businessCentral,2026-06-19 11:59:26
COMP_0184,GROUP_0044,,EUR,businessCentral,2026-06-19 12:00:25
COMP_0185,GROUP_0044,,EUR,businessCentral,2026-06-19 11:54:52
COMP_0187,GROUP_0044,,PLN,businessCentral,2026-06-19 11:58:41
COMP_0237,GROUP_0044,,GBP,businessCentral,2026-06-19 11:58:51
COMP_0352,GROUP_0044,,EUR,businessCentral,2026-06-19 12:00:54
COMP_0472,GROUP_0044,,EUR,businessCentral,2026-06-19 12:00:10
COMP_0576,GROUP_0044,,EUR,businessCentral,2026-06-19 12:00:43
COMP_0740,GROUP_0044,,EUR,businessCentral,2026-06-19 11:59:57
COMP_0986,GROUP_0044,,EUR,businessCentral,2026-06-19 11:59:47
COMP_1097,GROUP_0044,,EUR,businessCentral,2026-06-19 11:59:04
COMP_1225,GROUP_0044,,EUR,businessCentral,2026-06-19 11:53:36
COMP_0023,GROUP_0237,BE,EUR,netsuite,2025-05-28 19:51:42
COMP_0091,GROUP_0237,,EUR,netsuite,2025-06-30 13:56:17
COMP_0556,GROUP_0237,,DKK,,2025-05-27 16:46:20
COMP_0975,GROUP_0237,NL,EUR,netsuite,2025-06-30 13:55:49
COMP_1232,GROUP_0237,,EUR,,2025-06-30 13:56:02
COMP_0160,GROUP_0106,ES,EUR,,2025-02-10 10:41:20
COMP_0555,GROUP_0106,ES,EUR,,2025-02-10 10:41:59
COMP_1150,GROUP_0106,ES,EUR,,2025-02-10 10:41:29
COMP_0090,GROUP_0116,,EUR,netsuite,2023-08-17 15:15:00
COMP_0270,GROUP_0116,Alemania,EUR,netsuite,2024-02-15 15:08:36
COMP_0340,GROUP_0116,,EUR,netsuite,2023-08-17 15:15:23
COMP_0361,GROUP_0116,,DKK,netsuite,2023-08-17 15:15:46
COMP_0460,GROUP_0116,,GBP,netsuite,2023-08-17 15:15:39
COMP_0693,GROUP_0116,,EUR,,2024-06-12 13:59:48
COMP_0822,GROUP_0116,,COP,netsuite,2023-08-17 15:15:53
COMP_1162,GROUP_0116,,EUR,netsuite,2023-08-17 15:15:08
COMP_1026,GROUP_0186,,EUR,businessCentral,2026-04-20 11:39:50
COMP_0459,GROUP_0051,,EUR,,2025-09-22 07:52:30
COMP_0605,GROUP_0051,,GBP,,2025-09-22 07:52:04
COMP_0762,GROUP_0051,,EUR,,2025-09-22 07:53:15
COMP_1066,GROUP_0051,,EUR,,2025-09-22 07:51:02
COMP_0798,GROUP_0057,,EUR,businessOne,2025-09-05 11:38:14
COMP_1149,GROUP_0057,,EUR,businessOne,2025-09-05 11:26:40
COMP_0173,GROUP_0019,,EUR,businessCentral,2025-06-17 11:30:15
COMP_1230,GROUP_0019,,EUR,businessCentral,2025-06-17 11:30:54
COMP_1269,GROUP_0019,,EUR,businessCentral,2025-06-17 11:27:06
COMP_0239,GROUP_0202,,EUR,businessCentral,2024-10-31 14:30:40
COMP_0450,GROUP_0202,,EUR,businessCentral,2024-10-31 14:32:00
COMP_0511,GROUP_0202,,EUR,businessCentral,2024-10-31 14:31:20
COMP_0525,GROUP_0202,,EUR,businessCentral,2024-10-31 14:32:21
COMP_1142,GROUP_0202,,EUR,businessCentral,2024-10-31 14:31:42
COMP_1173,GROUP_0202,,EUR,businessCentral,2024-10-31 14:32:11
COMP_0180,GROUP_0055,,EUR,dynamicsAx,2024-02-16 09:59:26
COMP_0253,GROUP_0055,,EUR,dynamicsAx,2024-02-16 09:59:14
COMP_0509,GROUP_0055,,EUR,dynamicsAx,2024-02-16 09:59:42
COMP_0726,GROUP_0055,,EUR,dynamicsAx,2024-02-16 09:59:35
